run_id,condition,query_entity_idx,max_logprob_token,max_logprob,a1_token,a1_logprob,a2_token,a2_logprob,correct_answer
0,control,0, Malta,-0.6292725801467896, Val,-5.97011661529541, Oslo,-2.5792741775512695,a1
0,attribute,0, this,-2.54634690284729, Val,-7.914366722106934, Oslo,-8.447582244873047,a1
0,entity,0, my,-3.2934088706970215, Val,-7.545623302459717, Oslo,-7.7932658195495605,a1
0,random-attribute,0, answers,-3.6981313228607178, Val,-8.208257675170898, Oslo,-7.7011213302612305,a1
0,random-entity,0, B,-2.734311103820801, Val,-6.327639102935791, Oslo,-6.935861587524414,a1
0,control,1, Norway,-1.0539627075195312, Val,-6.51911735534668, Oslo,-1.1755294799804688,a2
0,attribute,1, Prague,-2.681166887283325, Val,-8.401870727539062, Oslo,-8.061278343200684,a2
0,entity,1,"
",-3.358457088470459, Val,-7.406158447265625, Oslo,-6.948894500732422,a2
0,random-attribute,1, Prague,-4.384698390960693, Val,-6.411508083343506, Oslo,-7.93773078918457,a2
0,random-entity,1, B,-2.8118326663970947, Val,-5.80732536315918, Oslo,-7.184211730957031,a2
1,control,0, Palestine,-0.22438684105873108, Jerusalem,-4.539021015167236, L,-5.734836101531982,a1
1,attribute,0, Prague,-2.781749725341797, Jerusalem,-7.635628700256348, L,-8.697603225708008,a1
1,entity,0, my,-1.222930669784546, Jerusalem,-8.625520706176758, L,-4.460745811462402,a1
1,random-attribute,0, Prague,-3.828808069229126, Jerusalem,-7.81123161315918, L,-7.573315620422363,a1
1,random-entity,0, B,-2.739903688430786, Jerusalem,-7.440731048583984, L,-5.647178649902344,a1
1,control,1, Peru,-0.8615073561668396, Jerusalem,-4.901871681213379, L,-2.278951644897461,a2
1,attribute,1, this,-3.0758280754089355, Jerusalem,-8.613313674926758, L,-5.362870693206787,a2
1,entity,1, ‘,-3.9531311988830566, Jerusalem,-5.077200412750244, L,-5.073297023773193,a2
1,random-attribute,1, B,-2.649207592010498, Jerusalem,-7.949151039123535, L,-3.096029758453369,a2
1,random-entity,1,"
",-2.7501466274261475, Jerusalem,-6.466556549072266, L,-3.4184577465057373,a2
2,control,0, Singapore,-0.5721064805984497, Singapore,-0.5721064805984497, Card,-7.4406280517578125,a1
2,attribute,0, Alexandria,-3.087517499923706, Singapore,-6.586440086364746, Card,-7.8908586502075195,a1
2,entity,0, Edinburgh,-3.74640154838562, Singapore,-6.712450981140137, Card,-5.801182746887207,a1
2,random-attribute,0,"
",-3.549630880355835, Singapore,-5.546560287475586, Card,-6.182060241699219,a1
2,random-entity,0,"
",-2.6614885330200195, Singapore,-5.7808661460876465, Card,-7.806137561798096,a1
2,control,1, Wales,-0.13169299066066742, Singapore,-4.436487197875977, Card,-6.449977874755859,a2
2,attribute,1,:,-3.231098175048828, Singapore,-7.39187479019165, Card,-7.554070949554443,a2
2,entity,1, G,-3.480452299118042, Singapore,-5.959057807922363, Card,-4.465070724487305,a2
2,random-attribute,1,"
",-3.7941205501556396, Singapore,-6.006690979003906, Card,-6.156469345092773,a2
2,random-entity,1,"
",-2.5635433197021484, Singapore,-7.367620468139648, Card,-6.314841270446777,a2
3,control,0, Zimbabwe,-0.2397438883781433, Har,-5.46229887008667, Card,-10.061285018920898,a1
3,attribute,0, Mari,-4.226513862609863, Har,-7.545043468475342, Card,-8.256465911865234,a1
3,entity,0, my,-2.5247223377227783, Har,-6.038821220397949, Card,-8.260808944702148,a1
3,random-attribute,0, this,-4.344417572021484, Har,-9.394254684448242, Card,-7.022156238555908,a1
3,random-entity,0, B,-2.4949231147766113, Har,-6.174826145172119, Card,-8.984472274780273,a1
3,control,1, Wales,-0.2302142083644867, Har,-7.526390075683594, Card,-6.557126045227051,a2
3,attribute,1,):,-3.586615562438965, Har,-11.196596145629883, Card,-7.927720069885254,a2
3,entity,1,"
",-2.605663776397705, Har,-6.423365116119385, Card,-5.928459167480469,a2
3,random-attribute,1,:,-4.244302749633789, Har,-10.355216979980469, Card,-4.71748161315918,a2
3,random-entity,1, B,-2.679041862487793, Har,-7.743650913238525, Card,-7.045546531677246,a2
4,control,0, Zimbabwe,-0.4815935492515564, Har,-4.466705799102783, D,-4.535475254058838,a1
4,attribute,0, Byz,-2.4929087162017822, Har,-10.445496559143066, D,-9.142807006835938,a1
4,entity,0, B,-3.2965807914733887, Har,-5.5350422859191895, D,-5.051644802093506,a1
4,random-attribute,0,:,-2.1138551235198975, Har,-8.60917854309082, D,-6.764616966247559,a1
4,random-entity,0, _____,-3.3631744384765625, Har,-4.554170608520508, D,-7.8951849937438965,a1
4,control,1, Qatar,-0.9208937287330627, Har,-6.047341346740723, D,-2.4266462326049805,a2
4,attribute,1, Lithuan,-2.7757606506347656, Har,-11.695137023925781, D,-7.908753871917725,a2
4,entity,1,"
",-2.8715007305145264, Har,-5.945225715637207, D,-4.405060768127441,a2
4,random-attribute,1,"
",-1.4391319751739502, Har,-10.030909538269043, D,-5.736318588256836,a2
4,random-entity,1, B,-3.8843369483947754, Har,-5.700662612915039, D,-6.6886982917785645,a2
5,control,0, Turkey,-0.9607075452804565, Ank,-3.828990936279297, M,-4.951223373413086,a1
5,attribute,0, another,-3.949068546295166, Ank,-8.210468292236328, M,-9.32066535949707,a1
5,entity,0, B,-2.1240265369415283, Ank,-7.641319274902344, M,-3.847191095352173,a1
5,random-attribute,0, Tab,-3.8037707805633545, Ank,-7.855151176452637, M,-7.051136016845703,a1
5,random-entity,0, G,-2.3574326038360596, Ank,-9.191378593444824, M,-5.638517379760742,a1
5,control,1, Somalia,-0.6309444904327393, Ank,-6.036799430847168, M,-4.311670303344727,a2
5,attribute,1, *,-3.0513577461242676, Ank,-9.689178466796875, M,-5.781930923461914,a2
5,entity,1,"
",-2.4191391468048096, Ank,-8.234453201293945, M,-5.348957061767578,a2
5,random-attribute,1,:,-4.111313343048096, Ank,-8.806617736816406, M,-5.254727840423584,a2
5,random-entity,1,"
",-2.3472580909729004, Ank,-10.699960708618164, M,-6.020213603973389,a2
6,control,0, Uganda,-0.5783469676971436, Kamp,-3.8505208492279053, Kh,-5.672268867492676,a1
6,attribute,0, this,-3.4361989498138428, Kamp,-7.193296432495117, Kh,-5.661491394042969,a1
6,entity,0, [,-1.9731321334838867, Kamp,-8.840410232543945, Kh,-7.469393730163574,a1
6,random-attribute,0, reference,-4.003387451171875, Kamp,-6.707888126373291, Kh,-6.012920379638672,a1
6,random-entity,0, B,-2.2050063610076904, Kamp,-6.180840492248535, Kh,-6.033337593078613,a1
6,control,1, Sudan,-1.0477473735809326, Kamp,-4.713421821594238, Kh,-3.9547736644744873,a2
6,attribute,1,:,-3.6552391052246094, Kamp,-6.5737385749816895, Kh,-6.94960880279541,a2
6,entity,1,"
",-2.058732509613037, Kamp,-8.50486946105957, Kh,-7.6284990310668945,a2
6,random-attribute,1, N,-3.0789787769317627, Kamp,-7.527355194091797, Kh,-7.022578239440918,a2
6,random-entity,1,"
",-2.362006425857544, Kamp,-7.210629463195801, Kh,-5.715511322021484,a2
7,control,0, Morocco,-0.9866262674331665, Oslo,-2.0632071495056152, Rab,-8.557116508483887,a1
7,attribute,0, this,-3.019644260406494, Oslo,-7.763241767883301, Rab,-9.938373565673828,a1
7,entity,0, B,-2.3534903526306152, Oslo,-8.074411392211914, Rab,-8.682777404785156,a1
7,random-attribute,0, question,-3.8658010959625244, Oslo,-8.843387603759766, Rab,-9.152142524719238,a1
7,random-entity,0, answer,-3.1850948333740234, Oslo,-6.971591472625732, Rab,-8.145829200744629,a1
7,control,1, Morocco,-0.16628775000572205, Oslo,-5.014588832855225, Rab,-6.367773532867432,a2
7,attribute,1, Juda,-2.779996395111084, Oslo,-8.888505935668945, Rab,-8.350462913513184,a2
7,entity,1,"
",-3.5190634727478027, Oslo,-8.575592994689941, Rab,-7.470920562744141,a2
7,random-attribute,1,:,-2.775407552719116, Oslo,-9.733839988708496, Rab,-6.122923851013184,a2
7,random-entity,1,"
",-3.361565351486206, Oslo,-8.509481430053711, Rab,-7.747859954833984,a2
8,control,0, Singapore,-0.6421977877616882, Singapore,-0.6421977877616882, Amsterdam,-2.1442158222198486,a1
8,attribute,0,:,-3.26525616645813, Singapore,-7.727865219116211, Amsterdam,-5.5802202224731445,a1
8,entity,0, The,-2.9576315879821777, Singapore,-3.5536818504333496, Amsterdam,-7.055423736572266,a1
8,random-attribute,0,"
",-2.4560813903808594, Singapore,-6.228960037231445, Amsterdam,-7.756819725036621,a1
8,random-entity,0,"
",-2.2510838508605957, Singapore,-4.153897762298584, Amsterdam,-6.207098960876465,a1
8,control,1, Netherlands,-0.8882774710655212, Singapore,-2.561732769012451, Amsterdam,-1.2903838157653809,a2
8,attribute,1,:,-2.6220481395721436, Singapore,-8.236023902893066, Amsterdam,-7.0939836502075195,a2
8,entity,1, The,-2.734065532684326, Singapore,-5.660852909088135, Amsterdam,-7.514231204986572,a2
8,random-attribute,1,"
",-1.9181872606277466, Singapore,-7.674568176269531, Amsterdam,-7.981869220733643,a2
8,random-entity,1,"
",-1.7759160995483398, Singapore,-6.5468926429748535, Amsterdam,-7.805910587310791,a2
9,control,0, Ukraine,-0.8898165822029114, Ky,-5.329812526702881, Lisbon,-4.520385265350342,a1
9,attribute,0, another,-3.4273979663848877, Ky,-8.36836051940918, Lisbon,-8.632950782775879,a1
9,entity,0, my,-2.0748088359832764, Ky,-8.11208438873291, Lisbon,-8.191218376159668,a1
9,random-attribute,0, this,-3.610994815826416, Ky,-7.006420612335205, Lisbon,-9.31663703918457,a1
9,random-entity,0, the,-2.281831741333008, Ky,-7.783432483673096, Lisbon,-10.386296272277832,a1
9,control,1, Portugal,-0.5380913019180298, Ky,-7.864284992218018, Lisbon,-2.7780709266662598,a2
9,attribute,1, *,-4.141411304473877, Ky,-9.12582015991211, Lisbon,-9.780327796936035,a2
9,entity,1, B,-3.267284631729126, Ky,-6.484713554382324, Lisbon,-7.231288909912109,a2
9,random-attribute,1, this,-4.0933837890625, Ky,-7.353135585784912, Lisbon,-7.940321922302246,a2
9,random-entity,1, B,-2.3377928733825684, Ky,-8.289846420288086, Lisbon,-9.869152069091797,a2
10,control,0, Portugal,-0.8835320472717285, Lisbon,-2.8235907554626465, Manila,-3.4877676963806152,a1
10,attribute,0, Question,-3.5831422805786133, Lisbon,-8.668630599975586, Manila,-7.706169605255127,a1
10,entity,0, I,-2.451470136642456, Lisbon,-9.426438331604004, Manila,-7.573820114135742,a1
10,random-attribute,0, answer,-3.6083528995513916, Lisbon,-9.165404319763184, Manila,-8.991812705993652,a1
10,random-entity,0, B,-3.556863307952881, Lisbon,-8.91590690612793, Manila,-6.290935039520264,a1
10,control,1, Philippines,-1.2908093929290771, Lisbon,-4.681465148925781, Manila,-1.3439347743988037,a2
10,attribute,1, another,-3.9981002807617188, Lisbon,-11.039573669433594, Manila,-9.236024856567383,a2
10,entity,1, I,-3.2397356033325195, Lisbon,-8.136472702026367, Manila,-7.8107123374938965,a2
10,random-attribute,1, answer,-1.9730013608932495, Lisbon,-9.555624961853027, Manila,-8.993142127990723,a2
10,random-entity,1,"
",-3.494389057159424, Lisbon,-9.330750465393066, Manila,-7.379120826721191,a2
11,control,0, Malaysia,-0.6153002381324768, K,-3.915644645690918, Oslo,-2.9953689575195312,a1
11,attribute,0,"
",-2.288552761077881, K,-4.680443286895752, Oslo,-9.71928596496582,a1
11,entity,0, I,-3.148711919784546, K,-4.677731513977051, Oslo,-7.222746849060059,a1
11,random-attribute,0, her,-2.999484062194824, K,-4.2359209060668945, Oslo,-7.495588302612305,a1
11,random-entity,0,"
",-3.348904848098755, K,-6.409036636352539, Oslo,-6.113339424133301,a1
11,control,1, Oslo,-0.6619466543197632, K,-5.80320405960083, Oslo,-0.6619466543197632,a2
11,attribute,1,"
",-1.9039678573608398, K,-6.078649997711182, Oslo,-7.184975624084473,a2
11,entity,1, New,-3.0584468841552734, K,-4.755148887634277, Oslo,-7.847290515899658,a2
11,random-attribute,1,:,-3.3285202980041504, K,-5.200291633605957, Oslo,-7.714328289031982,a2
11,random-entity,1, B,-3.1094117164611816, K,-5.619007110595703, Oslo,-6.337560176849365,a2
12,control,0, Scotland,-1.2182121276855469, Edinburgh,-2.5463733673095703, Rab,-7.944455146789551,a1
12,attribute,0,:,-2.4878296852111816, Edinburgh,-10.651275634765625, Rab,-7.294342517852783,a1
12,entity,0, [,-3.2687244415283203, Edinburgh,-6.080589771270752, Rab,-8.038172721862793,a1
12,random-attribute,0,:,-2.101270914077759, Edinburgh,-9.567293167114258, Rab,-8.385391235351562,a1
12,random-entity,0, B,-3.112776279449463, Edinburgh,-7.140793323516846, Rab,-7.4590630531311035,a1
12,control,1, Morocco,-0.4499310255050659, Edinburgh,-4.868310928344727, Rab,-5.305994987487793,a2
12,attribute,1,:,-1.579235315322876, Edinburgh,-8.25675106048584, Rab,-5.481958389282227,a2
12,entity,1, B,-4.045598983764648, Edinburgh,-6.4490580558776855, Rab,-5.474083423614502,a2
12,random-attribute,1,:,-2.8134100437164307, Edinburgh,-9.228151321411133, Rab,-7.559673309326172,a2
12,random-entity,1, B,-3.7070775032043457, Edinburgh,-7.205109119415283, Rab,-6.231689929962158,a2
13,control,0, Peru,-0.6584509015083313, L,-2.7382161617279053, Ky,-6.483519554138184,a1
13,attribute,0, Prague,-2.699949264526367, L,-6.8103742599487305, Ky,-8.550372123718262,a1
13,entity,0, my,-2.337181329727173, L,-3.9115355014801025, Ky,-7.335799217224121,a1
13,random-attribute,0, L,-3.11371111869812, L,-3.11371111869812, Ky,-6.979550361633301,a1
13,random-entity,0,"
",-2.2259433269500732, L,-3.391371488571167, Ky,-6.981346130371094,a1
13,control,1, Ukraine,-1.2336499691009521, L,-2.7071568965911865, Ky,-4.44266414642334,a2
13,attribute,1,:,-2.3997294902801514, L,-6.370450973510742, Ky,-8.591607093811035,a2
13,entity,1,"
",-3.1499555110931396, L,-4.9158220291137695, Ky,-7.066252708435059,a2
13,random-attribute,1, L,-2.5063931941986084, L,-2.5063931941986084, Ky,-6.914563179016113,a2
13,random-entity,1, B,-3.096669912338257, L,-3.9437625408172607, Ky,-6.237770080566406,a2
14,control,0, Pakistan,-1.2669713497161865, Ni,-4.87424373626709, Islam,-4.478677749633789,a1
14,attribute,0, another,-3.9327027797698975, Ni,-8.124709129333496, Islam,-10.015522956848145,a1
14,entity,0, _,-3.9861767292022705, Ni,-6.88472843170166, Islam,-7.1039934158325195,a1
14,random-attribute,0,:,-3.3821065425872803, Ni,-9.719661712646484, Islam,-10.093443870544434,a1
14,random-entity,0,"
",-3.659282684326172, Ni,-5.381807804107666, Islam,-7.8101091384887695,a1
14,control,1, Pakistan,-0.47474727034568787, Ni,-6.409226894378662, Islam,-3.941129207611084,a2
14,attribute,1, Budapest,-3.698425769805908, Ni,-10.124801635742188, Islam,-12.129764556884766,a2
14,entity,1, I,-3.3812451362609863, Ni,-7.6982102394104, Islam,-7.6179704666137695,a2
14,random-attribute,1,:,-2.477489471435547, Ni,-9.504891395568848, Islam,-11.22453498840332,a2
14,random-entity,1, O,-3.9745757579803467, Ni,-5.809520721435547, Islam,-8.112497329711914,a2
15,control,0, Romania,-0.6156262159347534, Buch,-2.656299591064453, Ky,-6.786524772644043,a1
15,attribute,0, this,-2.525120496749878, Buch,-7.599822044372559, Ky,-7.687652587890625,a1
15,entity,0,"
",-2.3198771476745605, Buch,-6.561373710632324, Ky,-6.733035564422607,a1
15,random-attribute,0,:,-2.973439931869507, Buch,-6.9999542236328125, Ky,-7.7838897705078125,a1
15,random-entity,0, B,-2.870500087738037, Buch,-7.811216354370117, Ky,-6.787633895874023,a1
15,control,1, Ukraine,-1.190517783164978, Buch,-3.5278220176696777, Ky,-4.691506862640381,a2
15,attribute,1,:,-3.3387107849121094, Buch,-9.635597229003906, Ky,-9.120607376098633,a2
15,entity,1, New,-2.241905450820923, Buch,-5.676325798034668, Ky,-6.476424217224121,a2
15,random-attribute,1,"
",-2.445859432220459, Buch,-6.754242420196533, Ky,-6.909971714019775,a2
15,random-entity,1, B,-3.3421473503112793, Buch,-7.371307373046875, Ky,-6.2696099281311035,a2
16,control,0, Syria,-0.5729673504829407, Damascus,-2.9620864391326904, Kath,-5.049659729003906,a1
16,attribute,0,:,-2.9943671226501465, Damascus,-7.828326225280762, Kath,-6.662785053253174,a1
16,entity,0, New,-2.4376728534698486, Damascus,-7.805803298950195, Kath,-8.050049781799316,a1
16,random-attribute,0, FAQ,-3.3026516437530518, Damascus,-7.911364555358887, Kath,-7.718260765075684,a1
16,random-entity,0, B,-3.7831501960754395, Damascus,-6.723134517669678, Kath,-6.516923427581787,a1
16,control,1, Nepal,-0.8465057611465454, Damascus,-5.609645366668701, Kath,-2.4040751457214355,a2
16,attribute,1, another,-2.034651041030884, Damascus,-6.648447036743164, Kath,-6.367794036865234,a2
16,entity,1, New,-2.4613776206970215, Damascus,-8.997840881347656, Kath,-8.29469108581543,a2
16,random-attribute,1, *,-1.9731953144073486, Damascus,-7.121153831481934, Kath,-8.328787803649902,a2
16,random-entity,1,"
",-1.5891691446304321, Damascus,-9.294814109802246, Kath,-8.039929389953613,a2
17,control,0, Serbia,-0.7652735710144043, Bel,-3.374422550201416, Kath,-5.763369083404541,a1
17,attribute,0,:,-3.238395929336548, Bel,-9.720125198364258, Kath,-8.348238945007324,a1
17,entity,0, Z,-3.0490221977233887, Bel,-8.333189010620117, Kath,-7.70355224609375,a1
17,random-attribute,0,"
",-2.6939704418182373, Bel,-5.291577339172363, Kath,-9.331928253173828,a1
17,random-entity,0,"
",-3.027639627456665, Bel,-7.559121131896973, Kath,-9.789684295654297,a1
17,control,1, Nepal,-0.6456411480903625, Bel,-3.8470818996429443, Kath,-3.770118474960327,a2
17,attribute,1, another,-3.6502270698547363, Bel,-8.728574752807617, Kath,-8.360301971435547,a2
17,entity,1, New,-1.9721418619155884, Bel,-8.497099876403809, Kath,-7.964425086975098,a2
17,random-attribute,1,"
",-1.4975087642669678, Bel,-6.607501029968262, Kath,-8.226490020751953,a2
17,random-entity,1, B,-2.9761698246002197, Bel,-8.394817352294922, Kath,-8.504073143005371,a2
18,control,0, Wales,-0.29767659306526184, Card,-6.815266132354736, Madrid,-5.09164571762085,a1
18,attribute,0,:,-3.0410423278808594, Card,-7.507336616516113, Madrid,-6.771097660064697,a1
18,entity,0, I,-3.031705141067505, Card,-7.029160499572754, Madrid,-6.641033172607422,a1
18,random-attribute,0,:,-2.4128611087799072, Card,-6.409078598022461, Madrid,-7.375948905944824,a1
18,random-entity,0, B,-3.4630839824676514, Card,-8.127445220947266, Madrid,-6.841761589050293,a1
18,control,1, Spain,-1.1054073572158813, Card,-6.753211975097656, Madrid,-2.5786242485046387,a2
18,attribute,1,:,-2.5346596240997314, Card,-8.570463180541992, Madrid,-7.690691947937012,a2
18,entity,1, B,-3.67000675201416, Card,-6.673543930053711, Madrid,-6.762609004974365,a2
18,random-attribute,1,:,-3.3371846675872803, Card,-6.616783142089844, Madrid,-7.30528450012207,a2
18,random-entity,1, B,-2.6800601482391357, Card,-9.253705978393555, Madrid,-7.217319488525391,a2
19,control,0, Wales,-0.12128757685422897, Card,-8.254630088806152, Ank,-7.73509407043457,a1
19,attribute,0, this,-3.5520570278167725, Card,-7.958133697509766, Ank,-8.874979972839355,a1
19,entity,0, my,-3.9747629165649414, Card,-6.549859046936035, Ank,-8.72760009765625,a1
19,random-attribute,0, Lithuan,-3.5822882652282715, Card,-6.379228591918945, Ank,-9.009016036987305,a1
19,random-entity,0, B,-2.4162135124206543, Card,-7.738778114318848, Ank,-9.763175964355469,a1
19,control,1, Wales,-0.9474776983261108, Card,-7.677451133728027, Ank,-4.594412326812744,a2
19,attribute,1,:,-2.8192927837371826, Card,-7.419818878173828, Ank,-8.912517547607422,a2
19,entity,1,"
",-3.0533411502838135, Card,-7.909626007080078, Ank,-8.64692211151123,a2
19,random-attribute,1,:,-3.8830726146698, Card,-7.096635818481445, Ank,-8.079940795898438,a2
19,random-entity,1,"
",-2.7708160877227783, Card,-7.775915145874023, Ank,-9.109234809875488,a2
20,control,0, Philippines,-0.5947945713996887, Manila,-2.0135529041290283, Be,-5.027000904083252,a1
20,attribute,0, the,-3.187831401824951, Manila,-7.082862377166748, Be,-7.862873077392578,a1
20,entity,0, I,-3.0368945598602295, Manila,-7.730279922485352, Be,-7.649219512939453,a1
20,random-attribute,0, *,-2.982576370239258, Manila,-6.32851505279541, Be,-7.184807777404785,a1
20,random-entity,0, the,-2.707906484603882, Manila,-8.104637145996094, Be,-7.716453552246094,a1
20,control,1, Lebanon,-0.5632444620132446, Manila,-3.5846285820007324, Be,-3.4037728309631348,a2
20,attribute,1,:,-3.49485445022583, Manila,-6.263120651245117, Be,-7.389760971069336,a2
20,entity,1, Z,-3.4090847969055176, Manila,-7.784057140350342, Be,-5.965719223022461,a2
20,random-attribute,1, *,-2.57586407661438, Manila,-7.150581359863281, Be,-6.638633728027344,a2
20,random-entity,1, B,-3.043689489364624, Manila,-7.010500907897949, Be,-6.152698516845703,a2
21,control,0, Spain,-1.2339634895324707, Madrid,-2.0972237586975098, Val,-4.386349201202393,a1
21,attribute,0, Valencia,-3.8348217010498047, Madrid,-7.60736083984375, Val,-7.2703680992126465,a1
21,entity,0, Z,-2.9889280796051025, Madrid,-6.858122825622559, Val,-7.142972946166992,a1
21,random-attribute,0,"
",-3.147472381591797, Madrid,-7.2006683349609375, Val,-4.481817245483398,a1
21,random-entity,0, B,-2.77628493309021, Madrid,-7.10675048828125, Val,-5.964865684509277,a1
21,control,1, Malta,-0.5065459609031677, Madrid,-3.957630157470703, Val,-3.7488012313842773,a2
21,attribute,1, Byz,-3.537933826446533, Madrid,-7.84450101852417, Val,-7.0179314613342285,a2
21,entity,1,"
",-3.848871946334839, Madrid,-5.918967247009277, Val,-5.627790451049805,a2
21,random-attribute,1,"
",-2.329677104949951, Madrid,-6.872351169586182, Val,-4.08906888961792,a2
21,random-entity,1, B,-3.012275218963623, Madrid,-6.565873146057129, Val,-5.3500075340271,a2
22,control,0, Palestine,-0.2582666873931885, Jerusalem,-5.3150739669799805, H,-6.4983110427856445,a1
22,attribute,0, the,-3.368168354034424, Jerusalem,-7.377523899078369, H,-6.589996337890625,a1
22,entity,0,"
",-2.5810506343841553, Jerusalem,-5.94242000579834, H,-7.003018379211426,a1
22,random-attribute,0, the,-2.8701720237731934, Jerusalem,-6.464056015014648, H,-7.6170430183410645,a1
22,random-entity,0, B,-2.3447659015655518, Jerusalem,-6.585552215576172, H,-6.733822822570801,a1
22,control,1, Vietnam,-0.4660643935203552, Jerusalem,-7.623939514160156, H,-4.219032287597656,a2
22,attribute,1, Slov,-4.483128070831299, Jerusalem,-7.665444850921631, H,-8.132182121276855,a2
22,entity,1,"
",-1.5528355836868286, Jerusalem,-6.034688949584961, H,-6.573395252227783,a2
22,random-attribute,1, T,-3.7984721660614014, Jerusalem,-7.55751895904541, H,-5.738487243652344,a2
22,random-entity,1, B,-2.6197710037231445, Jerusalem,-7.21615743637085, H,-6.254663467407227,a2
23,control,0, Qatar,-0.7789584398269653, D,-2.41158390045166, Kh,-5.062891006469727,a1
23,attribute,0,:,-2.3170299530029297, D,-5.5910139083862305, Kh,-8.11789608001709,a1
23,entity,0, my,-1.5610584020614624, D,-3.7371363639831543, Kh,-8.795248985290527,a1
23,random-attribute,0,"
",-3.6349844932556152, D,-5.467470169067383, Kh,-7.452211856842041,a1
23,random-entity,0,"
",-2.3921186923980713, D,-4.239005088806152, Kh,-6.615278244018555,a1
23,control,1, Sudan,-0.7628607153892517, D,-2.628645420074463, Kh,-3.7161831855773926,a2
23,attribute,1,:,-3.696840763092041, D,-5.867308139801025, Kh,-7.0159196853637695,a2
23,entity,1, New,-1.8233263492584229, D,-5.11820125579834, Kh,-7.796801567077637,a2
23,random-attribute,1,"
",-2.6270015239715576, D,-5.065854072570801, Kh,-7.665114402770996,a2
23,random-entity,1,"
",-1.8020075559616089, D,-2.971074104309082, Kh,-7.865036964416504,a2
24,control,0, Qatar,-0.7370846271514893, D,-3.338268518447876, H,-5.490846633911133,a1
24,attribute,0, answer,-2.678530216217041, D,-7.909194469451904, H,-7.890998363494873,a1
24,entity,0, New,-3.7742116451263428, D,-4.677895545959473, H,-4.5027360916137695,a1
24,random-attribute,0,:,-3.900038480758667, D,-7.489048004150391, H,-8.833141326904297,a1
24,random-entity,0,"
",-3.3084394931793213, D,-5.676495552062988, H,-6.347997665405273,a1
24,control,1, Vietnam,-0.472239226102829, D,-3.7046172618865967, H,-4.082194805145264,a2
24,attribute,1,:,-2.9195268154144287, D,-6.456536293029785, H,-5.075409889221191,a2
24,entity,1,"
",-1.9688419103622437, D,-3.553678035736084, H,-4.651491641998291,a2
24,random-attribute,1,"
",-2.8475043773651123, D,-5.832535743713379, H,-6.568427085876465,a2
24,random-entity,1, V,-3.8698384761810303, D,-5.444452285766602, H,-5.405209541320801,a2
25,control,0, Zimbabwe,-0.2985665202140808, Har,-6.053569316864014, Tri,-8.542220115661621,a1
25,attribute,0,:,-3.876631021499634, Har,-8.802783012390137, Tri,-10.310066223144531,a1
25,entity,0,"
",-2.910306453704834, Har,-5.687397003173828, Tri,-7.530283451080322,a1
25,random-attribute,0,:,-2.2831332683563232, Har,-8.26845932006836, Tri,-9.147798538208008,a1
25,random-entity,0, B,-1.7042690515518188, Har,-5.543277740478516, Tri,-9.670324325561523,a1
25,control,1, Libya,-0.709210991859436, Har,-6.772350311279297, Tri,-4.786466121673584,a2
25,attribute,1, Budapest,-3.9283249378204346, Har,-9.65908432006836, Tri,-7.408475875854492,a2
25,entity,1,"
",-3.1123263835906982, Har,-6.872140884399414, Tri,-6.751089096069336,a2
25,random-attribute,1, G,-2.874257802963257, Har,-9.051730155944824, Tri,-7.620404243469238,a2
25,random-entity,1,"
",-1.9717814922332764, Har,-6.151128768920898, Tri,-8.671891212463379,a2
26,control,0, Palestine,-0.42724308371543884, Jerusalem,-3.569251775741577, Amsterdam,-3.029172658920288,a1
26,attribute,0, another,-2.420743703842163, Jerusalem,-6.905561447143555, Amsterdam,-8.470949172973633,a1
26,entity,0,"
",-2.945254325866699, Jerusalem,-7.574495792388916, Amsterdam,-5.522634029388428,a1
26,random-attribute,0,:,-2.299136161804199, Jerusalem,-6.867369651794434, Amsterdam,-8.938065528869629,a1
26,random-entity,0,"
",-2.9390692710876465, Jerusalem,-7.594215393066406, Amsterdam,-8.73005199432373,a1
26,control,1, Netherlands,-1.0874322652816772, Jerusalem,-4.644399166107178, Amsterdam,-1.8518785238265991,a2
26,attribute,1, the,-3.779634952545166, Jerusalem,-8.623167037963867, Amsterdam,-9.114053726196289,a2
26,entity,1, I,-3.3253495693206787, Jerusalem,-7.519933700561523, Amsterdam,-7.586441993713379,a2
26,random-attribute,1, the,-1.8869863748550415, Jerusalem,-8.072061538696289, Amsterdam,-7.840799808502197,a2
26,random-entity,1, B,-3.5080816745758057, Jerusalem,-7.193926811218262, Amsterdam,-7.784313201904297,a2
27,control,0, Switzerland,-1.0527255535125732, Bern,-4.441494941711426, P,-6.658246994018555,a1
27,attribute,0,:,-2.5184855461120605, Bern,-7.621976852416992, P,-5.963998794555664,a1
27,entity,0, B,-2.5659172534942627, Bern,-6.839600563049316, P,-4.827713966369629,a1
27,random-attribute,0, reference,-3.24482798576355, Bern,-7.71079158782959, P,-4.970726013183594,a1
27,random-entity,0, B,-2.558298349380493, Bern,-6.816094398498535, P,-5.63381290435791,a1
27,control,1, Kosovo,-0.2024720013141632, Bern,-7.785922050476074, P,-5.448087215423584,a2
27,attribute,1,:,-3.2283971309661865, Bern,-7.814340591430664, P,-4.565831184387207,a2
27,entity,1, New,-2.7786061763763428, Bern,-7.47318172454834, P,-3.7821977138519287,a2
27,random-attribute,1,"
",-3.3149971961975098, Bern,-7.579587936401367, P,-4.261003017425537,a2
27,random-entity,1, B,-2.7685606479644775, Bern,-9.055558204650879, P,-4.418726921081543,a2
28,control,0, Somalia,-1.47122323513031, M,-4.118546962738037, Car,-4.848714351654053,a1
28,attribute,0,:,-2.9625182151794434, M,-8.152555465698242, Car,-10.493982315063477,a1
28,entity,0, I,-2.892043113708496, M,-4.028740882873535, Car,-6.442873954772949,a1
28,random-attribute,0, Gary,-2.5484070777893066, M,-7.119284152984619, Car,-8.073219299316406,a1
28,random-entity,0, B,-3.4664433002471924, M,-6.698958396911621, Car,-4.255485534667969,a1
28,control,1, Venezuela,-0.5237705707550049, M,-5.818238258361816, Car,-2.4751484394073486,a2
28,attribute,1, Hels,-3.604659080505371, M,-6.766773223876953, Car,-9.887450218200684,a2
28,entity,1, our,-3.183419704437256, M,-4.3562235832214355, Car,-6.626007080078125,a2
28,random-attribute,1, answer,-3.682466745376587, M,-5.150279998779297, Car,-8.747496604919434,a2
28,random-entity,1, our,-4.199880599975586, M,-6.103275299072266, Car,-4.2545270919799805,a2
29,control,0, Qatar,-0.4265671968460083, D,-3.7495899200439453, Tri,-7.011445045471191,a1
29,attribute,0,:,-2.3479509353637695, D,-6.918942451477051, Tri,-8.459964752197266,a1
29,entity,0, my,-1.466374158859253, D,-4.333606719970703, Tri,-8.285842895507812,a1
29,random-attribute,0,:,-3.031886100769043, D,-6.418181896209717, Tri,-9.60291576385498,a1
29,random-entity,0,"
",-2.0970189571380615, D,-3.924267530441284, Tri,-8.038114547729492,a1
29,control,1, Libya,-0.5527966618537903, D,-4.087896823883057, Tri,-4.31257963180542,a2
29,attribute,1,:,-2.716322898864746, D,-6.254424571990967, Tri,-7.6175689697265625,a2
29,entity,1,"
",-2.321861743927002, D,-4.781365871429443, Tri,-6.410490989685059,a2
29,random-attribute,1,"
",-1.90006685256958, D,-5.728724956512451, Tri,-8.223172187805176,a2
29,random-entity,1,"
",-2.340816020965576, D,-3.2143139839172363, Tri,-5.19719934463501,a2
30,control,0, Pakistan,-0.696855902671814, Islam,-3.9441475868225098, Ky,-6.606753826141357,a1
30,attribute,0, Prague,-2.852111577987671, Islam,-7.4275054931640625, Ky,-9.114354133605957,a1
30,entity,0, my,-1.7470309734344482, Islam,-9.710972785949707, Ky,-8.469589233398438,a1
30,random-attribute,0, Cov,-3.4283008575439453, Islam,-8.977518081665039, Ky,-9.138728141784668,a1
30,random-entity,0,"
",-2.247915744781494, Islam,-8.275493621826172, Ky,-9.1795015335083,a1
30,control,1, Ukraine,-0.9365847110748291, Islam,-6.85513973236084, Ky,-4.327328681945801,a2
30,attribute,1,:,-2.208789825439453, Islam,-9.724305152893066, Ky,-8.513015747070312,a2
30,entity,1, New,-1.9958449602127075, Islam,-8.14162540435791, Ky,-6.238711833953857,a2
30,random-attribute,1,"
",-2.0610642433166504, Islam,-10.653112411499023, Ky,-6.759479999542236,a2
30,random-entity,1, B,-2.862532615661621, Islam,-9.023807525634766, Ky,-7.580361366271973,a2
31,control,0, Stockholm,-1.272202730178833, Stockholm,-1.272202730178833, S,-4.97630500793457,a1
31,attribute,0, the,-3.1912264823913574, Stockholm,-8.574792861938477, S,-5.152133464813232,a1
31,entity,0, R,-3.0876126289367676, Stockholm,-6.7787628173828125, S,-4.266080379486084,a1
31,random-attribute,0, V,-3.5815322399139404, Stockholm,-7.446784973144531, S,-5.595165252685547,a1
31,random-entity,0,"
",-2.483861207962036, Stockholm,-9.3388671875, S,-4.318021774291992,a1
31,control,1, Yemen,-0.29183608293533325, Stockholm,-3.347886323928833, S,-4.851939678192139,a2
31,attribute,1,:,-3.2201554775238037, Stockholm,-7.602719306945801, S,-4.714702606201172,a2
31,entity,1, the,-3.432363986968994, Stockholm,-6.014726638793945, S,-4.042606830596924,a2
31,random-attribute,1,"
",-2.355234146118164, Stockholm,-8.084976196289062, S,-5.219388961791992,a2
31,random-entity,1, B,-2.988640069961548, Stockholm,-9.294075965881348, S,-4.099905967712402,a2
32,control,0, Myanmar,-1.1083967685699463, N,-5.194124221801758, Har,-6.010977745056152,a1
32,attribute,0,"


",-3.8260116577148438, N,-5.217997074127197, Har,-9.519535064697266,a1
32,entity,0, my,-2.005342721939087, N,-3.8193953037261963, Har,-6.506579399108887,a1
32,random-attribute,0,"
",-2.628979444503784, N,-4.63209342956543, Har,-8.790958404541016,a1
32,random-entity,0, _,-2.2083420753479004, N,-5.452147006988525, Har,-7.936167240142822,a1
32,control,1, Zimbabwe,-0.34685632586479187, N,-5.893732070922852, Har,-4.406022071838379,a2
32,attribute,1, Warsaw,-3.4876885414123535, N,-5.473565578460693, Har,-8.523246765136719,a2
32,entity,1,"
",-2.512314558029175, N,-5.394098281860352, Har,-6.89727783203125,a2
32,random-attribute,1,"
",-2.9574837684631348, N,-3.010077953338623, Har,-7.642167091369629,a2
32,random-entity,1,"
",-3.5117735862731934, N,-6.022231101989746, Har,-6.427159786224365,a2
33,control,0, Nepal,-0.9161117076873779, Kath,-3.182981252670288, Madrid,-4.561596870422363,a1
33,attribute,0,"
",-2.77778959274292, Kath,-6.265206336975098, Madrid,-6.61662483215332,a1
33,entity,0, my,-2.9708919525146484, Kath,-7.6386260986328125, Madrid,-7.15387487411499,a1
33,random-attribute,0,"
",-3.5131032466888428, Kath,-8.345637321472168, Madrid,-6.563451766967773,a1
33,random-entity,0,"
",-3.0563857555389404, Kath,-6.454317092895508, Madrid,-5.250881195068359,a1
33,control,1, Spain,-0.8919588923454285, Kath,-6.732963562011719, Madrid,-2.8246381282806396,a2
33,attribute,1, Prague,-3.898409128189087, Kath,-8.844056129455566, Madrid,-7.43244743347168,a2
33,entity,1,"
",-2.8070240020751953, Kath,-8.54586410522461, Madrid,-7.356964111328125,a2
33,random-attribute,1, Alexandria,-4.5687055587768555, Kath,-10.22921085357666, Madrid,-7.613642692565918,a2
33,random-entity,1,"
",-2.4268295764923096, Kath,-8.960598945617676, Madrid,-5.4426469802856445,a2
34,control,0, Somalia,-0.7247111797332764, M,-1.9394872188568115, Val,-7.788643836975098,a1
34,attribute,0,:,-3.2421159744262695, M,-6.184682369232178, Val,-8.321842193603516,a1
34,entity,0, B,-2.691782236099243, M,-5.3937788009643555, Val,-7.487945556640625,a1
34,random-attribute,0,"
",-3.4062602519989014, M,-5.222416877746582, Val,-5.787147521972656,a1
34,random-entity,0,"
",-1.2777032852172852, M,-6.768105983734131, Val,-9.365267753601074,a1
34,control,1, Malta,-0.4162791073322296, M,-2.4491207599639893, Val,-5.495418071746826,a2
34,attribute,1, Lithuan,-3.1389548778533936, M,-7.361387252807617, Val,-6.798458099365234,a2
34,entity,1,"
",-1.9972337484359741, M,-6.291665077209473, Val,-6.571335315704346,a2
34,random-attribute,1,"
",-2.0402579307556152, M,-7.155035972595215, Val,-5.497650146484375,a2
34,random-entity,1,"
",-1.8390610218048096, M,-6.909566879272461, Val,-7.170137405395508,a2
35,control,0, Palestine,-0.23255273699760437, Jerusalem,-3.737067461013794, Ni,-5.3481645584106445,a1
35,attribute,0, Prague,-3.026367425918579, Jerusalem,-7.939553260803223, Ni,-8.634930610656738,a1
35,entity,0, P,-3.00946044921875, Jerusalem,-6.569789886474609, Ni,-8.478053092956543,a1
35,random-attribute,0," """,-3.1857287883758545, Jerusalem,-7.101001739501953, Ni,-8.931727409362793,a1
35,random-entity,0, **,-4.009957790374756, Jerusalem,-5.985574722290039, Ni,-5.640778541564941,a1
35,control,1, Niger,-0.6451930999755859, Jerusalem,-6.387249946594238, Ni,-2.8595027923583984,a2
35,attribute,1,"
",-3.718458414077759, Jerusalem,-7.518337249755859, Ni,-8.469443321228027,a2
35,entity,1,"
",-2.908144474029541, Jerusalem,-7.613592147827148, Ni,-7.680251598358154,a2
35,random-attribute,1,"
",-3.336290121078491, Jerusalem,-7.562413215637207, Ni,-7.632472991943359,a2
35,random-entity,1, B,-3.324448823928833, Jerusalem,-7.463788032531738, Ni,-5.838732719421387,a2
36,control,0, Vietnam,-0.7330833077430725, H,-4.468839168548584, Moscow,-3.8681015968322754,a1
36,attribute,0,:,-3.536271810531616, H,-6.045869827270508, Moscow,-11.412728309631348,a1
36,entity,0, B,-3.361863374710083, H,-5.691401481628418, Moscow,-5.977648735046387,a1
36,random-attribute,0,:,-3.821948766708374, H,-6.5849199295043945, Moscow,-9.086069107055664,a1
36,random-entity,0, B,-2.4984488487243652, H,-5.390944480895996, Moscow,-6.101223468780518,a1
36,control,1, Russia,-0.9936908483505249, H,-5.441695690155029, Moscow,-2.7013373374938965,a2
36,attribute,1,:,-3.5847134590148926, H,-6.575725078582764, Moscow,-11.008299827575684,a2
36,entity,1,"
",-2.4906702041625977, H,-6.326462745666504, Moscow,-6.397427082061768,a2
36,random-attribute,1,:,-3.549684524536133, H,-6.573426723480225, Moscow,-11.174938201904297,a2
36,random-entity,1,"
",-2.9286317825317383, H,-6.221508502960205, Moscow,-8.233240127563477,a2
37,control,0, Stockholm,-0.7004259824752808, Stockholm,-0.7004259824752808, Moscow,-3.3394575119018555,a1
37,attribute,0, Mal,-3.543098211288452, Stockholm,-8.554009437561035, Moscow,-10.906037330627441,a1
37,entity,0, B,-3.1788477897644043, Stockholm,-7.278736114501953, Moscow,-6.193902015686035,a1
37,random-attribute,0, Hels,-3.952070474624634, Stockholm,-7.694904327392578, Moscow,-8.608736038208008,a1
37,random-entity,0, B,-2.131417751312256, Stockholm,-8.685665130615234, Moscow,-7.521329402923584,a1
37,control,1, Russia,-1.5038260221481323, Stockholm,-2.105778694152832, Moscow,-1.9518927335739136,a2
37,attribute,1,:,-2.737861156463623, Stockholm,-9.111732482910156, Moscow,-10.472131729125977,a2
37,entity,1, San,-2.9633266925811768, Stockholm,-6.873457908630371, Moscow,-6.555802345275879,a2
37,random-attribute,1, :,-3.0404486656188965, Stockholm,-7.711568832397461, Moscow,-10.70059585571289,a2
37,random-entity,1, B,-2.9151735305786133, Stockholm,-9.236692428588867, Moscow,-7.836263656616211,a2
38,control,0, Tanzania,-0.958722710609436, Dod,-8.549813270568848, P,-5.86189603805542,a1
38,attribute,0,:,-3.1267893314361572, Dod,-8.209197044372559, P,-7.632987022399902,a1
38,entity,0, I,-2.9447364807128906, Dod,-7.17092752456665, P,-5.045866012573242,a1
38,random-attribute,0,"
",-3.2825026512145996, Dod,-8.661933898925781, P,-6.432517051696777,a1
38,random-entity,0,"
",-2.64349365234375, Dod,-8.148483276367188, P,-6.260037422180176,a1
38,control,1, Kosovo,-0.12702873349189758, Dod,-10.700682640075684, P,-5.018661975860596,a2
38,attribute,1,:,-2.5086777210235596, Dod,-9.259488105773926, P,-5.851753234863281,a2
38,entity,1, P,-2.2156035900115967, Dod,-10.21475601196289, P,-2.2156035900115967,a2
38,random-attribute,1,"
",-2.875189781188965, Dod,-8.964423179626465, P,-6.064155578613281,a2
38,random-entity,1,"
",-2.274994373321533, Dod,-9.740442276000977, P,-4.433727741241455,a2
39,control,0, Venezuela,-0.8606245517730713, Car,-3.2453367710113525, P,-6.644155502319336,a1
39,attribute,0,"
",-2.2627718448638916, Car,-8.443676948547363, P,-7.0110883712768555,a1
39,entity,0, my,-2.490898847579956, Car,-7.651607513427734, P,-4.92350959777832,a1
39,random-attribute,0,:,-3.0063536167144775, Car,-8.77087688446045, P,-6.340853691101074,a1
39,random-entity,0,"
",-2.0942139625549316, Car,-3.797532558441162, P,-5.680189609527588,a1
39,control,1, Kosovo,-0.24326372146606445, Car,-6.403310298919678, P,-5.463353633880615,a2
39,attribute,1,:,-1.6327131986618042, Car,-10.6487398147583, P,-5.409446716308594,a2
39,entity,1,"
",-2.2117292881011963, Car,-7.622894287109375, P,-4.695564270019531,a2
39,random-attribute,1,:,-2.469728469848633, Car,-10.139190673828125, P,-4.289890289306641,a2
39,random-entity,1, B,-2.4106690883636475, Car,-5.847526550292969, P,-5.60184383392334,a2
40,control,0, Spain,-0.720666229724884, Madrid,-3.7633354663848877, Ni,-4.886931896209717,a1
40,attribute,0,):,-4.240044593811035, Madrid,-8.268235206604004, Ni,-8.837957382202148,a1
40,entity,0, B,-2.039154291152954, Madrid,-8.743219375610352, Ni,-7.11796760559082,a1
40,random-attribute,0, Byz,-4.218794822692871, Madrid,-7.672544479370117, Ni,-10.57296371459961,a1
40,random-entity,0, B,-2.6313600540161133, Madrid,-7.530016899108887, Ni,-6.724826335906982,a1
40,control,1, Niger,-1.2063621282577515, Madrid,-5.818294048309326, Ni,-3.4904236793518066,a2
40,attribute,1, Iz,-4.113006591796875, Madrid,-7.120946884155273, Ni,-7.991207122802734,a2
40,entity,1, I,-3.6522388458251953, Madrid,-6.13773250579834, Ni,-7.504482269287109,a2
40,random-attribute,1, answer,-4.546827793121338, Madrid,-7.812955379486084, Ni,-7.6442413330078125,a2
40,random-entity,1, B,-3.4687583446502686, Madrid,-6.092002868652344, Ni,-5.660673141479492,a2
41,control,0, Kosovo,-0.6151115894317627, P,-5.813994407653809, Abu,-8.47436809539795,a1
41,attribute,0,"
",-4.004499435424805, P,-7.981499195098877, Abu,-8.363187789916992,a1
41,entity,0, B,-2.309985876083374, P,-2.9506871700286865, Abu,-9.169219970703125,a1
41,random-attribute,0, the,-3.2151358127593994, P,-5.499914169311523, Abu,-9.535102844238281,a1
41,random-entity,0,"
",-2.336939573287964, P,-4.554825782775879, Abu,-7.813945770263672,a1
41,control,1, Nigeria,-0.28354761004447937, P,-6.601432800292969, Abu,-6.427435874938965,a2
41,attribute,1, Iv,-4.251119613647461, P,-6.793006896972656, Abu,-6.076791763305664,a2
41,entity,1,"
",-2.394576072692871, P,-5.086071968078613, Abu,-6.950857162475586,a2
41,random-attribute,1,"
",-3.0464096069335938, P,-5.01550817489624, Abu,-6.270218372344971,a2
41,random-entity,1, B,-1.9671401977539062, P,-6.084537982940674, Abu,-6.853720188140869,a2
42,control,0, Lebanon,-0.7426320910453796, Be,-4.287111282348633, Islam,-6.562751770019531,a1
42,attribute,0,):,-3.501315116882324, Be,-7.056450366973877, Islam,-8.379146575927734,a1
42,entity,0, my,-2.470000982284546, Be,-5.833270072937012, Islam,-9.979137420654297,a1
42,random-attribute,0,"
",-3.352494716644287, Be,-6.794521808624268, Islam,-10.152120590209961,a1
42,random-entity,0,"
",-2.5828356742858887, Be,-7.791142463684082, Islam,-7.7643818855285645,a1
42,control,1, Pakistan,-0.24626979231834412, Be,-6.069619655609131, Islam,-5.268008708953857,a2
42,attribute,1,:,-3.4929206371307373, Be,-6.436356544494629, Islam,-10.029845237731934,a2
42,entity,1,"
",-2.9833431243896484, Be,-8.155928611755371, Islam,-7.058139324188232,a2
42,random-attribute,1,"
",-1.7987006902694702, Be,-6.9597954750061035, Islam,-10.509720802307129,a2
42,random-entity,1,"
",-2.6190733909606934, Be,-8.296539306640625, Islam,-8.245931625366211,a2
43,control,0, Switzerland,-0.9621415138244629, Bern,-3.2080464363098145, Damascus,-4.4828200340271,a1
43,attribute,0, this,-3.413102388381958, Bern,-6.99603271484375, Damascus,-7.375296592712402,a1
43,entity,0, B,-3.1326489448547363, Bern,-5.7930192947387695, Damascus,-7.927460670471191,a1
43,random-attribute,0,:,-3.4673712253570557, Bern,-6.223397254943848, Damascus,-8.155884742736816,a1
43,random-entity,0,"
",-3.0742111206054688, Bern,-4.578841209411621, Damascus,-5.51546573638916,a1
43,control,1, Syria,-0.6069468259811401, Bern,-6.891792297363281, Damascus,-1.6391047239303589,a2
43,attribute,1,:,-3.432913303375244, Bern,-7.481097221374512, Damascus,-7.367542743682861,a2
43,entity,1,"
",-3.1278910636901855, Bern,-7.652779579162598, Damascus,-6.401642322540283,a2
43,random-attribute,1,"
",-2.9134984016418457, Bern,-8.255878448486328, Damascus,-7.620851993560791,a2
43,random-entity,1,"
",-2.485283136367798, Bern,-5.902029037475586, Damascus,-6.515538215637207,a2
44,control,0, Zimbabwe,-0.9872288107872009, Har,-6.24470853805542, Jerusalem,-5.004298686981201,a1
44,attribute,0, another,-3.304497003555298, Har,-8.91662883758545, Jerusalem,-7.235822677612305,a1
44,entity,0, my,-1.9745564460754395, Har,-4.977531909942627, Jerusalem,-7.720180988311768,a1
44,random-attribute,0, the,-2.1159732341766357, Har,-7.917226791381836, Jerusalem,-8.155221939086914,a1
44,random-entity,0,"
",-2.402188301086426, Har,-6.506707668304443, Jerusalem,-5.425189971923828,a1
44,control,1, Palestine,-0.14096853137016296, Har,-8.334091186523438, Jerusalem,-4.091832160949707,a2
44,attribute,1, Prague,-3.430614709854126, Har,-7.711902618408203, Jerusalem,-7.8978166580200195,a2
44,entity,1,"
",-2.7857725620269775, Har,-6.3723554611206055, Jerusalem,-8.912935256958008,a2
44,random-attribute,1,"
",-0.9762369394302368, Har,-7.698757648468018, Jerusalem,-10.230184555053711,a2
44,random-entity,1,"
",-3.210930347442627, Har,-6.480715751647949, Jerusalem,-5.1174750328063965,a2
45,control,0, Kuwait,-0.32667604088783264, Kuwait,-0.32667604088783264, Val,-7.994884967803955,a1
45,attribute,0, Prague,-3.0552260875701904, Kuwait,-7.057992935180664, Val,-9.159771919250488,a1
45,entity,0, my,-1.3373862504959106, Kuwait,-8.314153671264648, Val,-9.571333885192871,a1
45,random-attribute,0,:,-4.075446128845215, Kuwait,-7.25636625289917, Val,-5.28704309463501,a1
45,random-entity,0,"
",-3.714836835861206, Kuwait,-7.028484344482422, Val,-7.52143669128418,a1
45,control,1, Malta,-0.5839913487434387, Kuwait,-2.8907368183135986, Val,-5.500569820404053,a2
45,attribute,1, Lithuan,-3.4332830905914307, Kuwait,-7.993182182312012, Val,-7.926365852355957,a2
45,entity,1,"
",-3.032886266708374, Kuwait,-7.873903274536133, Val,-7.7596435546875,a2
45,random-attribute,1,"
",-2.1544337272644043, Kuwait,-8.09306526184082, Val,-5.3315582275390625,a2
45,random-entity,1,"
",-3.5368189811706543, Kuwait,-7.387963771820068, Val,-6.1441874504089355,a2
46,control,0, Malaysia,-1.0293772220611572, Kh,-3.992332696914673, K,-4.686230659484863,a1
46,attribute,0, this,-3.501779079437256, Kh,-6.51060676574707, K,-6.2192463874816895,a1
46,entity,0, New,-3.0922398567199707, Kh,-5.889344215393066, K,-5.156147480010986,a1
46,random-attribute,0,:,-2.601132392883301, Kh,-6.9173102378845215, K,-5.328057289123535,a1
46,random-entity,0, answer,-3.5908358097076416, Kh,-8.541526794433594, K,-6.33051872253418,a1
46,control,1, Malaysia,-0.25351154804229736, Kh,-6.142025947570801, K,-4.143170356750488,a2
46,attribute,1, Byz,-3.4312186241149902, Kh,-8.288116455078125, K,-6.7998151779174805,a2
46,entity,1,"
",-3.0936508178710938, Kh,-8.38566780090332, K,-5.97426176071167,a2
46,random-attribute,1,"
",-2.0504648685455322, Kh,-9.454422950744629, K,-4.024011611938477,a2
46,random-entity,1, answers,-3.857699155807495, Kh,-9.35317611694336, K,-6.302853584289551,a2
47,control,0, Thailand,-0.8609896302223206, Bangkok,-1.9400978088378906, Val,-6.850290298461914,a1
47,attribute,0,:,-3.074773073196411, Bangkok,-6.24118709564209, Val,-7.242999076843262,a1
47,entity,0, I,-1.9657455682754517, Bangkok,-8.44056224822998, Val,-8.444842338562012,a1
47,random-attribute,0, answer,-2.9180283546447754, Bangkok,-7.9933319091796875, Val,-8.258203506469727,a1
47,random-entity,0,"
",-3.875058889389038, Bangkok,-6.120522499084473, Val,-5.717820167541504,a1
47,control,1, Malta,-0.3504895865917206, Bangkok,-4.516950607299805, Val,-5.266827583312988,a2
47,attribute,1, Prague,-3.746229410171509, Bangkok,-4.327419281005859, Val,-6.561670303344727,a2
47,entity,1,"
",-2.7774624824523926, Bangkok,-7.113934516906738, Val,-7.537781715393066,a2
47,random-attribute,1,"
",-3.4445955753326416, Bangkok,-6.232797622680664, Val,-6.799931526184082,a2
47,random-entity,1,"
",-4.3130645751953125, Bangkok,-7.2972412109375, Val,-5.6290974617004395,a2
48,control,0, Turkey,-0.8538982272148132, Ank,-4.096616744995117, Mexico,-1.5313990116119385,a1
48,attribute,0, this,-2.14339017868042, Ank,-6.399929046630859, Mexico,-9.495054244995117,a1
48,entity,0, I,-2.8234405517578125, Ank,-9.26221752166748, Mexico,-5.025875091552734,a1
48,random-attribute,0, this,-3.1683146953582764, Ank,-6.713325500488281, Mexico,-9.294974327087402,a1
48,random-entity,0,"
",-2.1270017623901367, Ank,-9.395811080932617, Mexico,-5.352373123168945,a1
48,control,1, Mexico,-0.2460649460554123, Ank,-7.416739463806152, Mexico,-0.2460649460554123,a2
48,attribute,1, Prague,-2.7261946201324463, Ank,-7.645847320556641, Mexico,-10.416654586791992,a2
48,entity,1, B,-3.534701347351074, Ank,-8.508828163146973, Mexico,-8.084203720092773,a2
48,random-attribute,1, this,-3.1573994159698486, Ank,-10.175115585327148, Mexico,-11.269078254699707,a2
48,random-entity,1, B,-2.5658457279205322, Ank,-9.48929214477539, Mexico,-6.827938079833984,a2
49,control,0, Qatar,-0.2811627984046936, D,-3.6372904777526855, Islam,-6.081335544586182,a1
49,attribute,0,:,-2.682446241378784, D,-6.530545234680176, Islam,-9.564104080200195,a1
49,entity,0, my,-2.4261133670806885, D,-4.686038017272949, Islam,-9.50528335571289,a1
49,random-attribute,0,:,-2.298119306564331, D,-5.367100715637207, Islam,-9.932392120361328,a1
49,random-entity,0, the,-1.9229090213775635, D,-3.335561990737915, Islam,-7.86513614654541,a1
49,control,1, Pakistan,-0.5498887300491333, D,-4.161238670349121, Islam,-4.325669288635254,a2
49,attribute,1, Prague,-3.2449734210968018, D,-5.800947189331055, Islam,-10.074339866638184,a2
49,entity,1,"
",-2.056295394897461, D,-4.9286651611328125, Islam,-7.503420352935791,a2
49,random-attribute,1,"
",-2.7319447994232178, D,-4.851181983947754, Islam,-10.421597480773926,a2
49,random-entity,1,"
",-1.559369444847107, D,-3.7592597007751465, Islam,-9.909558296203613,a2
50,control,0, Malta,-0.4751397371292114, Val,-4.463482856750488, Lisbon,-3.646967887878418,a1
50,attribute,0, Lithuan,-3.248378038406372, Val,-7.49006462097168, Lisbon,-8.131540298461914,a1
50,entity,0, my,-3.492921829223633, Val,-6.6762614250183105, Lisbon,-6.814579486846924,a1
50,random-attribute,0, FAQ,-3.351283311843872, Val,-9.244746208190918, Lisbon,-7.9436750411987305,a1
50,random-entity,0, B,-2.3967487812042236, Val,-7.219202041625977, Lisbon,-8.376535415649414,a1
50,control,1, Portugal,-0.8833009600639343, Val,-5.138837814331055, Lisbon,-2.3429644107818604,a2
50,attribute,1, Lithuan,-3.984100818634033, Val,-6.032965660095215, Lisbon,-8.14822769165039,a2
50,entity,1, B,-2.668488025665283, Val,-7.261649131774902, Lisbon,-7.28587007522583,a2
50,random-attribute,1,"
",-3.6116933822631836, Val,-6.955517292022705, Lisbon,-7.806039810180664,a2
50,random-entity,1, B,-2.3440661430358887, Val,-7.241876602172852, Lisbon,-8.919042587280273,a2
51,control,0, Nigeria,-0.4753618836402893, Abu,-4.855558395385742, Mexico,-2.47360897064209,a1
51,attribute,0, explanation,-3.6707584857940674, Abu,-5.970483779907227, Mexico,-11.291751861572266,a1
51,entity,0, I,-1.4645428657531738, Abu,-8.225610733032227, Mexico,-6.551011562347412,a1
51,random-attribute,0,:,-3.9742956161499023, Abu,-6.835791110992432, Mexico,-11.433809280395508,a1
51,random-entity,0, B,-2.701523542404175, Abu,-5.211994171142578, Mexico,-6.43400764465332,a1
51,control,1, Mexico,-0.2513936758041382, Abu,-8.087550163269043, Mexico,-0.2513936758041382,a2
51,attribute,1,:,-3.944760322570801, Abu,-7.291245937347412, Mexico,-11.432153701782227,a2
51,entity,1, —,-3.763416051864624, Abu,-7.471168518066406, Mexico,-7.836798667907715,a2
51,random-attribute,1,"
",-2.4751617908477783, Abu,-7.6979475021362305, Mexico,-12.444114685058594,a2
51,random-entity,1, B,-2.8355278968811035, Abu,-6.99579381942749, Mexico,-6.583204746246338,a2
52,control,0, Pakistan,-0.7772870659828186, Islam,-4.430139064788818, Ky,-6.060519695281982,a1
52,attribute,0,:,-3.067521095275879, Islam,-9.012311935424805, Ky,-8.858906745910645,a1
52,entity,0, New,-3.0866923332214355, Islam,-8.529167175292969, Ky,-7.65081262588501,a1
52,random-attribute,0, context,-3.0567524433135986, Islam,-8.817919731140137, Ky,-9.012798309326172,a1
52,random-entity,0, New,-3.4954745769500732, Islam,-7.769443511962891, Ky,-7.480806350708008,a1
52,control,1, Ukraine,-1.206377625465393, Islam,-6.176883220672607, Ky,-4.621885776519775,a2
52,attribute,1,:,-3.2943241596221924, Islam,-9.822802543640137, Ky,-8.92803955078125,a2
52,entity,1, New,-3.019911289215088, Islam,-5.91004753112793, Ky,-7.3251166343688965,a2
52,random-attribute,1,:,-3.2651915550231934, Islam,-10.470136642456055, Ky,-7.872873783111572,a2
52,random-entity,1, D,-2.5101184844970703, Islam,-9.97253131866455, Ky,-7.702334403991699,a2
53,control,0, Serbia,-0.425201952457428, Bel,-3.0175013542175293, Oslo,-3.9687867164611816,a1
53,attribute,0, Byz,-2.361039400100708, Bel,-8.845742225646973, Oslo,-6.916617393493652,a1
53,entity,0, my,-2.472581386566162, Bel,-6.134238243103027, Oslo,-9.051652908325195,a1
53,random-attribute,0,"
",-3.822496175765991, Bel,-6.945830345153809, Oslo,-7.807981491088867,a1
53,random-entity,0,"
",-2.670126438140869, Bel,-6.695837497711182, Oslo,-7.2678914070129395,a1
53,control,1, Oslo,-1.1657520532608032, Bel,-4.166992664337158, Oslo,-1.1657520532608032,a2
53,attribute,1, Valencia,-4.104828834533691, Bel,-7.912732124328613, Oslo,-7.150899887084961,a2
53,entity,1,"
",-1.8190438747406006, Bel,-6.767901420593262, Oslo,-7.8260498046875,a2
53,random-attribute,1,:,-3.0533015727996826, Bel,-6.360391616821289, Oslo,-7.703700065612793,a2
53,random-entity,1,"
",-3.0596349239349365, Bel,-7.2884721755981445, Oslo,-6.152104377746582,a2
54,control,0, Vietnam,-0.6624177098274231, H,-5.0186848640441895, Rab,-8.28427505493164,a1
54,attribute,0,:,-3.464573383331299, H,-8.86956787109375, Rab,-7.921715259552002,a1
54,entity,0, New,-2.865137815475464, H,-6.493171691894531, Rab,-7.808340072631836,a1
54,random-attribute,0, @,-3.597243547439575, H,-8.882135391235352, Rab,-8.161972045898438,a1
54,random-entity,0, B,-3.048840045928955, H,-6.407011985778809, Rab,-7.352835655212402,a1
54,control,1, Morocco,-0.33755210041999817, H,-6.964800834655762, Rab,-5.88538932800293,a2
54,attribute,1,:,-2.909771680831909, H,-8.744771957397461, Rab,-7.287426948547363,a2
54,entity,1,"
",-1.9456995725631714, H,-7.409916400909424, Rab,-6.522944927215576,a2
54,random-attribute,1,:,-3.683645725250244, H,-8.447290420532227, Rab,-5.961715221405029,a2
54,random-entity,1,"
",-2.8787875175476074, H,-7.946929931640625, Rab,-6.581263065338135,a2
55,control,0, Venezuela,-0.6228404641151428, Car,-2.6782050132751465, Har,-6.029730319976807,a1
55,attribute,0, this,-2.450364828109741, Car,-8.45241641998291, Har,-7.405149459838867,a1
55,entity,0, La,-3.1556034088134766, Car,-4.058507919311523, Har,-5.436164855957031,a1
55,random-attribute,0, this,-3.361287832260132, Car,-8.332354545593262, Har,-8.614500045776367,a1
55,random-entity,0, B,-3.0100793838500977, Car,-3.203706741333008, Har,-4.206355094909668,a1
55,control,1, Zimbabwe,-0.36412328481674194, Car,-5.698508262634277, Har,-4.326632499694824,a2
55,attribute,1, (,-4.256507396697998, Car,-10.657894134521484, Har,-7.130258560180664,a2
55,entity,1, B,-2.6577036380767822, Car,-7.244492530822754, Har,-5.693052291870117,a2
55,random-attribute,1,:,-2.6163601875305176, Car,-8.72055435180664, Har,-8.01933479309082,a2
55,random-entity,1, B,-2.828112840652466, Car,-4.587454795837402, Har,-3.4853498935699463,a2
56,control,0, Spain,-1.1011946201324463, Madrid,-2.994446039199829, Card,-6.559335708618164,a1
56,attribute,0,):,-3.6097469329833984, Madrid,-7.920346260070801, Card,-5.625266075134277,a1
56,entity,0, I,-3.295650005340576, Madrid,-8.337651252746582, Card,-6.156442642211914,a1
56,random-attribute,0, Cov,-4.167084217071533, Madrid,-7.525215148925781, Card,-5.146201133728027,a1
56,random-entity,0, B,-3.89835786819458, Madrid,-6.967002868652344, Card,-6.2447686195373535,a1
56,control,1, Wales,-0.24932502210140228, Madrid,-5.47977352142334, Card,-5.321213722229004,a2
56,attribute,1, this,-3.6168296337127686, Madrid,-9.467791557312012, Card,-4.362804412841797,a2
56,entity,1, G,-3.2162647247314453, Madrid,-8.25344181060791, Card,-5.152087211608887,a2
56,random-attribute,1, reference,-3.638427257537842, Madrid,-7.74235200881958, Card,-4.0983052253723145,a2
56,random-entity,1,"
",-4.009942531585693, Madrid,-7.1604485511779785, Card,-5.6643595695495605,a2
57,control,0, Poland,-0.7633074522018433, Warsaw,-1.5979307889938354, P,-4.8693695068359375,a1
57,attribute,0,:,-2.5058722496032715, Warsaw,-7.679412841796875, P,-7.488574981689453,a1
57,entity,0, P,-3.1718244552612305, Warsaw,-7.464995861053467, P,-3.1718244552612305,a1
57,random-attribute,0,:,-3.679842948913574, Warsaw,-7.83648681640625, P,-5.785969257354736,a1
57,random-entity,0, B,-2.4324350357055664, Warsaw,-6.84710168838501, P,-4.616757392883301,a1
57,control,1, Kosovo,-0.4032883644104004, Warsaw,-5.776472568511963, P,-3.8531031608581543,a2
57,attribute,1, Prague,-2.7402915954589844, Warsaw,-6.49738883972168, P,-6.434103488922119,a2
57,entity,1, New,-2.0605051517486572, Warsaw,-9.855905532836914, P,-3.6504909992218018,a2
57,random-attribute,1, another,-3.9506165981292725, Warsaw,-7.950567245483398, P,-6.307979583740234,a2
57,random-entity,1,"
",-3.0718913078308105, Warsaw,-8.648591995239258, P,-4.147695064544678,a2
58,control,0, Uganda,-0.46503931283950806, Kamp,-4.632505416870117, Ank,-3.447873115539551,a1
58,attribute,0, this,-2.6548571586608887, Kamp,-6.759632110595703, Ank,-8.775894165039062,a1
58,entity,0, I,-3.245415687561035, Kamp,-7.805822372436523, Ank,-7.005000114440918,a1
58,random-attribute,0,"
",-2.1823534965515137, Kamp,-9.805015563964844, Ank,-9.53593635559082,a1
58,random-entity,0, B,-2.6375961303710938, Kamp,-5.724152088165283, Ank,-8.448175430297852,a1
58,control,1, Turkey,-1.201422929763794, Kamp,-6.301037788391113, Ank,-2.4101717472076416,a2
58,attribute,1,:,-3.7183659076690674, Kamp,-6.988173484802246, Ank,-8.444501876831055,a2
58,entity,1,"
",-1.6490741968154907, Kamp,-7.260937213897705, Ank,-7.20412540435791,a2
58,random-attribute,1,"
",-2.2206943035125732, Kamp,-9.056926727294922, Ank,-9.38485050201416,a2
58,random-entity,1, **,-3.416627883911133, Kamp,-5.865841865539551, Ank,-7.073460578918457,a2
59,control,0, Turkey,-1.1578032970428467, Ank,-3.847315549850464, Card,-6.9570817947387695,a1
59,attribute,0, Prague,-2.9286677837371826, Ank,-7.63461971282959, Card,-7.451298713684082,a1
59,entity,0, B,-3.050713300704956, Ank,-8.26014518737793, Card,-4.894254684448242,a1
59,random-attribute,0,:,-3.596198797225952, Ank,-6.5506744384765625, Card,-5.996805191040039,a1
59,random-entity,0, Gal,-3.944350004196167, Ank,-6.894168853759766, Card,-5.773445129394531,a1
59,control,1, Wales,-0.20072004199028015, Ank,-6.759559631347656, Card,-6.535052299499512,a2
59,attribute,1, Q,-4.310943603515625, Ank,-7.4930572509765625, Card,-7.037859916687012,a2
59,entity,1,"
",-2.899963140487671, Ank,-7.4274749755859375, Card,-5.991410255432129,a2
59,random-attribute,1, Prague,-4.159622669219971, Ank,-7.561201572418213, Card,-5.725271701812744,a2
59,random-entity,1,"
",-3.565864086151123, Ank,-9.645023345947266, Card,-6.904191970825195,a2
60,control,0, Zimbabwe,-0.2859635651111603, Har,-5.611945629119873, Kath,-5.307006359100342,a1
60,attribute,0, this,-3.559359312057495, Har,-8.286264419555664, Kath,-7.343043327331543,a1
60,entity,0, B,-2.580970287322998, Har,-6.426537990570068, Kath,-8.585594177246094,a1
60,random-attribute,0, Byz,-4.261728763580322, Har,-8.076435089111328, Kath,-7.559027671813965,a1
60,random-entity,0, B,-1.818440556526184, Har,-6.141777038574219, Kath,-8.280027389526367,a1
60,control,1, Nepal,-1.054933786392212, Har,-6.0877580642700195, Kath,-2.9658892154693604,a2
60,attribute,1,:,-3.4169442653656006, Har,-8.448779106140137, Kath,-6.608952522277832,a2
60,entity,1,"
",-3.2301247119903564, Har,-6.534710884094238, Kath,-8.227194786071777,a2
60,random-attribute,1, B,-3.4698143005371094, Har,-8.503786087036133, Kath,-7.076114177703857,a2
60,random-entity,1, B,-1.6096436977386475, Har,-6.619052886962891, Kath,-8.546052932739258,a2
61,control,0, Thailand,-0.9095672965049744, Bangkok,-1.4798665046691895, Val,-7.383707046508789,a1
61,attribute,0, this,-2.860217332839966, Bangkok,-8.11384391784668, Val,-8.267291069030762,a1
61,entity,0, B,-2.4368770122528076, Bangkok,-8.203078269958496, Val,-8.213290214538574,a1
61,random-attribute,0, *,-3.1418609619140625, Bangkok,-8.253896713256836, Val,-7.334050178527832,a1
61,random-entity,0,"
",-3.657310962677002, Bangkok,-6.182641506195068, Val,-6.685940265655518,a1
61,control,1, Malta,-0.2534933388233185, Bangkok,-5.485612869262695, Val,-5.271063804626465,a2
61,attribute,1, Lithuan,-3.5735485553741455, Bangkok,-7.408568382263184, Val,-8.520212173461914,a2
61,entity,1,"
",-3.637362003326416, Bangkok,-8.139732360839844, Val,-6.157279968261719,a2
61,random-attribute,1,"
",-2.0758469104766846, Bangkok,-7.161618232727051, Val,-6.164345741271973,a2
61,random-entity,1,"
",-4.079211711883545, Bangkok,-6.50820255279541, Val,-6.275382995605469,a2
62,control,0, Thailand,-0.6941432952880859, Bangkok,-2.1934499740600586, N,-3.6291351318359375,a1
62,attribute,0,:,-3.1972615718841553, Bangkok,-7.722739219665527, N,-4.920538902282715,a1
62,entity,0, my,-1.3902252912521362, Bangkok,-11.647850036621094, N,-4.126944541931152,a1
62,random-attribute,0,"
",-2.531571626663208, Bangkok,-8.271010398864746, N,-4.526171684265137,a1
62,random-entity,0,"
",-1.3143584728240967, Bangkok,-7.453315734863281, N,-4.099978446960449,a1
62,control,1, Kenya,-0.6506701707839966, Bangkok,-6.269720077514648, N,-1.9012070894241333,a2
62,attribute,1,:,-1.959194302558899, Bangkok,-7.319280624389648, N,-4.802966117858887,a2
62,entity,1,"
",-2.431661605834961, Bangkok,-9.254669189453125, N,-5.231095314025879,a2
62,random-attribute,1,"
",-1.759134292602539, Bangkok,-8.853296279907227, N,-3.052530288696289,a2
62,random-entity,1,"
",-1.2473032474517822, Bangkok,-9.24193000793457, N,-2.8748056888580322,a2
63,control,0, Somalia,-0.5766420960426331, M,-4.118335723876953, Buch,-5.605238914489746,a1
63,attribute,0,:,-2.1577858924865723, M,-6.563643455505371, Buch,-10.331756591796875,a1
63,entity,0, I,-3.2121810913085938, M,-3.6117353439331055, Buch,-6.910069942474365,a1
63,random-attribute,0, Hels,-3.0701229572296143, M,-6.915142059326172, Buch,-10.472500801086426,a1
63,random-entity,0,"
",-2.835113048553467, M,-6.824515342712402, Buch,-8.48930835723877,a1
63,control,1, Romania,-0.937262237071991, M,-4.798099994659424, Buch,-1.7969586849212646,a2
63,attribute,1,:,-3.6579689979553223, M,-5.588979244232178, Buch,-8.801166534423828,a2
63,entity,1,"
",-2.005781412124634, M,-3.1475107669830322, Buch,-6.321504592895508,a2
63,random-attribute,1,:,-3.172781229019165, M,-3.5304768085479736, Buch,-8.423266410827637,a2
63,random-entity,1," 
",-4.149096488952637, M,-7.024184226989746, Buch,-5.912347316741943,a2
64,control,0, Malaysia,-0.4676615595817566, K,-3.3771188259124756, Islam,-5.1100850105285645,a1
64,attribute,0,:,-2.6354947090148926, K,-5.173980712890625, Islam,-9.629919052124023,a1
64,entity,0, I,-1.8510905504226685, K,-4.448129653930664, Islam,-9.433289527893066,a1
64,random-attribute,0,:,-3.117751121520996, K,-5.014483451843262, Islam,-9.171905517578125,a1
64,random-entity,0,"
",-2.3357810974121094, K,-4.03875732421875, Islam,-8.220609664916992,a1
64,control,1, Pakistan,-0.8540204763412476, K,-3.7776246070861816, Islam,-3.437765598297119,a2
64,attribute,1,:,-2.599127769470215, K,-6.87598180770874, Islam,-10.810190200805664,a2
64,entity,1, New,-3.171700954437256, K,-4.132221698760986, Islam,-6.713164329528809,a2
64,random-attribute,1,:,-1.9619617462158203, K,-5.350205421447754, Islam,-10.787622451782227,a2
64,random-entity,1,"
",-2.217357635498047, K,-4.88850212097168, Islam,-8.085708618164062,a2
65,control,0, Edinburgh,-1.063748836517334, Edinburgh,-1.063748836517334, Bern,-4.944106578826904,a1
65,attribute,0, Hels,-2.8610942363739014, Edinburgh,-10.250770568847656, Bern,-6.695120811462402,a1
65,entity,0, [,-3.2435522079467773, Edinburgh,-6.036088466644287, Bern,-5.88512659072876,a1
65,random-attribute,0,"
",-3.9144082069396973, Edinburgh,-8.026382446289062, Bern,-7.334839820861816,a1
65,random-entity,0,"
",-2.51236891746521, Edinburgh,-8.181893348693848, Bern,-4.332433700561523,a1
65,control,1, Switzerland,-1.945823073387146, Edinburgh,-3.0071282386779785, Bern,-2.281101703643799,a2
65,attribute,1, Hels,-3.1292724609375, Edinburgh,-8.420225143432617, Bern,-6.62260103225708,a2
65,entity,1, —,-3.578660249710083, Edinburgh,-6.589539527893066, Bern,-5.741428375244141,a2
65,random-attribute,1,"
",-2.970916748046875, Edinburgh,-7.809453010559082, Bern,-5.965921878814697,a2
65,random-entity,1,"
",-2.443141460418701, Edinburgh,-8.302604675292969, Bern,-4.208377361297607,a2
66,control,0, Philippines,-0.904136598110199, Manila,-1.4977302551269531, Madrid,-4.37937068939209,a1
66,attribute,0, Iz,-3.803095817565918, Manila,-7.683346748352051, Madrid,-7.064205646514893,a1
66,entity,0, I,-2.280181407928467, Manila,-7.306044101715088, Madrid,-8.044839859008789,a1
66,random-attribute,0, comments,-2.7302169799804688, Manila,-9.893697738647461, Madrid,-7.661290168762207,a1
66,random-entity,0, London,-3.8915340900421143, Manila,-8.46512222290039, Madrid,-5.030631065368652,a1
66,control,1, Spain,-0.5876214504241943, Manila,-3.3393075466156006, Madrid,-2.3786685466766357,a2
66,attribute,1, comments,-3.274484395980835, Manila,-7.702841758728027, Madrid,-8.520780563354492,a2
66,entity,1, B,-3.1262900829315186, Manila,-7.930234909057617, Madrid,-7.441801071166992,a2
66,random-attribute,1, N,-3.683849334716797, Manila,-8.060064315795898, Madrid,-8.398775100708008,a2
66,random-entity,1, X,-3.5336837768554688, Manila,-8.206653594970703, Madrid,-6.062377452850342,a2
67,control,0, Sudan,-1.3957264423370361, Kh,-5.036114692687988, Buch,-5.0988969802856445,a1
67,attribute,0, this,-2.683122158050537, Kh,-5.2735490798950195, Buch,-9.550206184387207,a1
67,entity,0,"
",-2.301300525665283, Kh,-7.579233169555664, Buch,-7.90914249420166,a1
67,random-attribute,0, this,-2.8919756412506104, Kh,-7.3247222900390625, Buch,-9.222804069519043,a1
67,random-entity,0, B,-2.509068489074707, Kh,-6.551084995269775, Buch,-8.005178451538086,a1
67,control,1, Romania,-0.3312934935092926, Kh,-7.276007175445557, Buch,-2.998260974884033,a2
67,attribute,1, this,-3.1650688648223877, Kh,-7.308701515197754, Buch,-9.140439987182617,a2
67,entity,1,"
",-3.809202194213867, Kh,-6.62529182434082, Buch,-5.91688346862793,a2
67,random-attribute,1, this,-2.9841983318328857, Kh,-8.160655975341797, Buch,-7.617767333984375,a2
67,random-entity,1, B,-2.0227084159851074, Kh,-7.393786907196045, Buch,-7.496514320373535,a2
68,control,0, Mexico,-0.20929865539073944, Mexico,-0.20929865539073944, Ky,-8.55252456665039,a1
68,attribute,0,:,-3.5696918964385986, Mexico,-10.903251647949219, Ky,-8.29401683807373,a1
68,entity,0, my,-1.9762983322143555, Mexico,-8.741497039794922, Ky,-7.407339572906494,a1
68,random-attribute,0, *,-3.1402111053466797, Mexico,-9.3721923828125, Ky,-9.0181245803833,a1
68,random-entity,0, B,-2.953307628631592, Mexico,-8.602802276611328, Ky,-8.029154777526855,a1
68,control,1, Ukraine,-0.9455273151397705, Mexico,-1.5019762516021729, Ky,-6.164402961730957,a2
68,attribute,1,:,-2.460615634918213, Mexico,-9.049162864685059, Ky,-6.551878452301025,a2
68,entity,1,"
",-2.588197708129883, Mexico,-6.546773910522461, Ky,-7.52746057510376,a2
68,random-attribute,1,:,-2.84367299079895, Mexico,-9.558233261108398, Ky,-7.842842102050781,a2
68,random-entity,1,"
",-2.0308449268341064, Mexico,-6.8503875732421875, Ky,-8.62007999420166,a2
69,control,0, Palestine,-1.0323501825332642, Bel,-3.9002203941345215, Jerusalem,-4.86348295211792,a1
69,attribute,0, another,-2.0478250980377197, Bel,-8.140113830566406, Jerusalem,-7.876053810119629,a1
69,entity,0, the,-2.991713047027588, Bel,-9.764036178588867, Jerusalem,-7.6190690994262695,a1
69,random-attribute,0,"
",-2.6099610328674316, Bel,-6.406278133392334, Jerusalem,-6.766347885131836,a1
69,random-entity,0, London,-3.5082364082336426, Bel,-8.705759048461914, Jerusalem,-5.823187351226807,a1
69,control,1, Palestine,-0.10701476037502289, Bel,-6.655703544616699, Jerusalem,-3.935819625854492,a2
69,attribute,1, Byz,-2.4266011714935303, Bel,-8.863780975341797, Jerusalem,-8.69910717010498,a2
69,entity,1, New,-3.4154574871063232, Bel,-9.527575492858887, Jerusalem,-7.739872932434082,a2
69,random-attribute,1,"
",-0.6657394170761108, Bel,-7.786742687225342, Jerusalem,-7.737958908081055,a2
69,random-entity,1, B,-3.5879201889038086, Bel,-9.542287826538086, Jerusalem,-5.627562999725342,a2
70,control,0, Stockholm,-0.7929327487945557, Stockholm,-0.7929327487945557, Kuwait,-2.558039903640747,a1
70,attribute,0, answer,-3.1945178508758545, Stockholm,-8.938924789428711, Kuwait,-8.16289234161377,a1
70,entity,0, U,-3.2727787494659424, Stockholm,-5.802458763122559, Kuwait,-9.410408020019531,a1
70,random-attribute,0,"
",-3.8378660678863525, Stockholm,-8.082353591918945, Kuwait,-8.831042289733887,a1
70,random-entity,0, V,-2.191828727722168, Stockholm,-7.132233619689941, Kuwait,-8.415841102600098,a1
70,control,1, Kuwait,-0.7028625011444092, Stockholm,-2.176954984664917, Kuwait,-0.7028625011444092,a2
70,attribute,1, Prague,-3.975633144378662, Stockholm,-8.412169456481934, Kuwait,-7.4018025398254395,a2
70,entity,1, B,-3.2660624980926514, Stockholm,-4.298388481140137, Kuwait,-9.51140022277832,a2
70,random-attribute,1,"
",-2.698225498199463, Stockholm,-7.177262306213379, Kuwait,-9.623701095581055,a2
70,random-entity,1,"
",-2.2130446434020996, Stockholm,-7.010487079620361, Kuwait,-10.237091064453125,a2
71,control,0, Wales,-0.3357416093349457, Card,-5.647352695465088, Ni,-5.29064416885376,a1
71,attribute,0,):,-4.073212146759033, Card,-7.32565450668335, Ni,-7.915661334991455,a1
71,entity,0, I,-3.6637401580810547, Card,-6.0946478843688965, Ni,-6.397486209869385,a1
71,random-attribute,0, T,-3.9858076572418213, Card,-5.5336503982543945, Ni,-8.444403648376465,a1
71,random-entity,0, B,-3.3472306728363037, Card,-7.291153907775879, Ni,-6.722668647766113,a1
71,control,1, Niger,-0.5847094655036926, Card,-7.991067886352539, Ni,-3.150498628616333,a2
71,attribute,1, Slov,-4.667119979858398, Card,-7.94551420211792, Ni,-9.303882598876953,a2
71,entity,1, New,-3.1485114097595215, Card,-8.206181526184082, Ni,-6.698860168457031,a2
71,random-attribute,1,:,-3.882439136505127, Card,-7.897329807281494, Ni,-7.903425693511963,a2
71,random-entity,1, B,-3.2063374519348145, Card,-9.214818954467773, Ni,-6.653240203857422,a2
72,control,0, Mexico,-0.1121750995516777, Mexico,-0.1121750995516777, Damascus,-6.2299346923828125,a1
72,attribute,0, Byz,-3.0598058700561523, Mexico,-10.764135360717773, Damascus,-5.700974464416504,a1
72,entity,0, my,-2.6027514934539795, Mexico,-3.7167813777923584, Damascus,-6.703385353088379,a1
72,random-attribute,0,:,-3.989647626876831, Mexico,-9.894296646118164, Damascus,-7.405193328857422,a1
72,random-entity,0, the,-2.8076963424682617, Mexico,-7.539050579071045, Damascus,-7.963599681854248,a1
72,control,1, Syria,-0.9898130893707275, Mexico,-1.7259209156036377, Damascus,-1.9948952198028564,a2
72,attribute,1,:,-2.3462882041931152, Mexico,-11.195592880249023, Damascus,-7.015239715576172,a2
72,entity,1, New,-3.3037731647491455, Mexico,-6.265268325805664, Damascus,-5.280858993530273,a2
72,random-attribute,1, Byz,-3.540921926498413, Mexico,-9.73412036895752, Damascus,-7.312599182128906,a2
72,random-entity,1, S,-3.165066957473755, Mexico,-8.325023651123047, Damascus,-7.163565635681152,a2
73,control,0, Poland,-1.0501596927642822, Be,-3.657421350479126, Warsaw,-2.8939554691314697,a1
73,attribute,0, Prague,-1.633367657661438, Be,-7.937620162963867, Warsaw,-7.024325370788574,a1
73,entity,0, Z,-3.660740375518799, Be,-7.221775531768799, Warsaw,-7.941025257110596,a1
73,random-attribute,0, Prague,-3.2618558406829834, Be,-6.139819145202637, Warsaw,-6.3856306076049805,a1
73,random-entity,0,"
",-2.5811469554901123, Be,-7.823436737060547, Warsaw,-7.082882881164551,a1
73,control,1, Poland,-0.602228581905365, Be,-5.428517818450928, Warsaw,-2.0132622718811035,a2
73,attribute,1, Prague,-3.155364751815796, Be,-7.77925968170166, Warsaw,-6.260468482971191,a2
73,entity,1,"
",-2.630418062210083, Be,-7.236635208129883, Warsaw,-8.69698429107666,a2
73,random-attribute,1,"
",-3.051842212677002, Be,-7.156529903411865, Warsaw,-6.888693809509277,a2
73,random-entity,1,"
",-2.3835647106170654, Be,-8.088994026184082, Warsaw,-8.047319412231445,a2
74,control,0, Singapore,-0.10173225402832031, Singapore,-0.10173225402832031, Kath,-7.009944915771484,a1
74,attribute,0, his,-2.492401361465454, Singapore,-6.910143852233887, Kath,-8.159810066223145,a1
74,entity,0,"
",-2.9315130710601807, Singapore,-6.689814567565918, Kath,-8.534372329711914,a1
74,random-attribute,0, Slov,-3.633820056915283, Singapore,-7.997992038726807, Kath,-9.264366149902344,a1
74,random-entity,0, B,-3.0139989852905273, Singapore,-5.020759582519531, Kath,-8.328060150146484,a1
74,control,1, Singapore,-0.8343517184257507, Singapore,-0.8343517184257507, Kath,-4.307268142700195,a2
74,attribute,1,"
",-3.2638752460479736, Singapore,-6.656949996948242, Kath,-7.87584114074707,a2
74,entity,1,"
",-3.1090173721313477, Singapore,-5.19071626663208, Kath,-8.830442428588867,a2
74,random-attribute,1,"
",-1.8531461954116821, Singapore,-7.890392780303955, Kath,-9.878990173339844,a2
74,random-entity,1, B,-3.069912910461426, Singapore,-5.902261734008789, Kath,-8.513240814208984,a2
75,control,0, Zimbabwe,-0.517190158367157, Har,-5.341172218322754, Buch,-4.500219345092773,a1
75,attribute,0, Byz,-3.040062665939331, Har,-8.659832000732422, Buch,-9.361124992370605,a1
75,entity,0, [,-3.4578428268432617, Har,-6.336062431335449, Buch,-7.2226457595825195,a1
75,random-attribute,0, Cov,-4.004844665527344, Har,-7.799729824066162, Buch,-8.12055778503418,a1
75,random-entity,0, B,-2.1844499111175537, Har,-5.761005401611328, Buch,-6.803572654724121,a1
75,control,1, Romania,-0.7977468967437744, Har,-6.999936103820801, Buch,-2.1406328678131104,a2
75,attribute,1, Cov,-3.107804536819458, Har,-10.727237701416016, Buch,-8.600540161132812,a2
75,entity,1, New,-2.610576629638672, Har,-7.784468650817871, Buch,-5.874001979827881,a2
75,random-attribute,1,"
",-4.183965682983398, Har,-8.166118621826172, Buch,-7.127112865447998,a2
75,random-entity,1,"
",-2.0449912548065186, Har,-7.07792854309082, Buch,-6.44564151763916,a2
76,control,0, Turkey,-0.9177254438400269, Ank,-4.007927894592285, D,-2.984853744506836,a1
76,attribute,0, Prague,-2.2612838745117188, Ank,-7.247194290161133, D,-6.242494583129883,a1
76,entity,0, my,-3.0631556510925293, Ank,-7.309139728546143, D,-4.159862041473389,a1
76,random-attribute,0,:,-3.3668975830078125, Ank,-6.889039516448975, D,-4.604352951049805,a1
76,random-entity,0, _____,-3.397047758102417, Ank,-6.955988883972168, D,-4.905023574829102,a1
76,control,1, Qatar,-1.0157158374786377, Ank,-4.771739959716797, D,-2.0337860584259033,a2
76,attribute,1,:,-2.892911672592163, Ank,-6.259839057922363, D,-3.9674489498138428,a2
76,entity,1,"
",-2.5697364807128906, Ank,-6.261263847351074, D,-3.1400146484375,a2
76,random-attribute,1,"
",-2.4906883239746094, Ank,-7.200472354888916, D,-3.469944953918457,a2
76,random-entity,1,"
",-3.1406898498535156, Ank,-8.471962928771973, D,-4.968287467956543,a2
77,control,0, Kuwait,-0.5574225187301636, Kuwait,-0.5574225187301636, K,-4.179239273071289,a1
77,attribute,0, the,-2.235560178756714, Kuwait,-9.383973121643066, K,-6.192508697509766,a1
77,entity,0, my,-2.103975772857666, Kuwait,-8.757749557495117, K,-5.243391513824463,a1
77,random-attribute,0, context,-3.7153661251068115, Kuwait,-8.007326126098633, K,-6.443300247192383,a1
77,random-entity,0, the,-2.6334598064422607, Kuwait,-8.149681091308594, K,-5.6109418869018555,a1
77,control,1, Malaysia,-0.4589516222476959, Kuwait,-2.8893401622772217, K,-3.04974627494812,a2
77,attribute,1,:,-3.2123868465423584, Kuwait,-10.214651107788086, K,-5.215930938720703,a2
77,entity,1,"
",-1.0136597156524658, Kuwait,-9.825531959533691, K,-3.763270616531372,a2
77,random-attribute,1,:,-3.115602970123291, Kuwait,-10.479657173156738, K,-5.174821376800537,a2
77,random-entity,1,"
",-2.0293374061584473, Kuwait,-9.103750228881836, K,-4.719247341156006,a2
78,control,0, Zimbabwe,-0.18925367295742035, Har,-5.384194374084473, Bangkok,-6.857555389404297,a1
78,attribute,0, Byz,-3.611018657684326, Har,-9.97054672241211, Bangkok,-8.330141067504883,a1
78,entity,0, B,-2.5776684284210205, Har,-5.473315238952637, Bangkok,-8.729105949401855,a1
78,random-attribute,0,:,-3.6728670597076416, Har,-9.368943214416504, Bangkok,-7.5449018478393555,a1
78,random-entity,0, B,-1.8925927877426147, Har,-6.123775959014893, Bangkok,-7.801218509674072,a1
78,control,1, Thailand,-0.4024888873100281, Har,-7.795414924621582, Bangkok,-2.1867716312408447,a2
78,attribute,1, Byz,-2.070779800415039, Har,-13.507959365844727, Bangkok,-9.30807876586914,a2
78,entity,1,"
",-3.149959087371826, Har,-6.3302812576293945, Bangkok,-10.361556053161621,a2
78,random-attribute,1,:,-3.151350975036621, Har,-9.645101547241211, Bangkok,-8.109798431396484,a2
78,random-entity,1, B,-1.9832146167755127, Har,-7.42396354675293, Bangkok,-8.196239471435547,a2
79,control,0, Romania,-0.5403209924697876, Buch,-3.6254000663757324, Damascus,-4.383619785308838,a1
79,attribute,0,:,-3.365097999572754, Buch,-10.24560546875, Damascus,-9.012956619262695,a1
79,entity,0, I,-2.1029281616210938, Buch,-6.708093643188477, Damascus,-8.142439842224121,a1
79,random-attribute,0,:,-3.4925284385681152, Buch,-8.054630279541016, Damascus,-8.394227981567383,a1
79,random-entity,0, B,-2.5068209171295166, Buch,-6.6135358810424805, Damascus,-6.109648704528809,a1
79,control,1, Syria,-0.39658620953559875, Buch,-6.595185279846191, Damascus,-1.9240882396697998,a2
79,attribute,1,"
",-3.326925754547119, Buch,-10.333442687988281, Damascus,-7.009057998657227,a2
79,entity,1,"
",-2.3309240341186523, Buch,-7.798033714294434, Damascus,-7.321079730987549,a2
79,random-attribute,1,:,-2.7033305168151855, Buch,-9.304952621459961, Damascus,-9.03382682800293,a2
79,random-entity,1, B,-2.648238182067871, Buch,-8.256946563720703, Damascus,-5.817975044250488,a2
80,control,0, Nigeria,-0.545268177986145, Abu,-4.346799850463867, K,-4.082399368286133,a1
80,attribute,0, this,-3.4287495613098145, Abu,-9.522892951965332, K,-4.599165439605713,a1
80,entity,0, I,-1.4121959209442139, Abu,-7.3982954025268555, K,-4.324532508850098,a1
80,random-attribute,0,"
",-1.7202082872390747, Abu,-7.206140041351318, K,-4.991847991943359,a1
80,random-entity,0, B,-3.5502164363861084, Abu,-5.658255577087402, K,-5.563127517700195,a1
80,control,1, Malaysia,-0.7647483944892883, Abu,-4.963620185852051, K,-2.275301694869995,a2
80,attribute,1,:,-2.932286024093628, Abu,-8.318906784057617, K,-4.443224906921387,a2
80,entity,1, I,-1.7507201433181763, Abu,-8.804274559020996, K,-2.734149932861328,a2
80,random-attribute,1,"
",-1.958922028541565, Abu,-7.635270118713379, K,-4.6565423011779785,a2
80,random-entity,1, B,-3.115677833557129, Abu,-7.327960968017578, K,-4.237361907958984,a2
81,control,0, Turkey,-0.961256742477417, Ank,-3.299067258834839, Bel,-3.786900281906128,a1
81,attribute,0,:,-3.782329559326172, Ank,-8.239053726196289, Bel,-7.813429355621338,a1
81,entity,0, my,-2.039799690246582, Ank,-7.506743431091309, Bel,-7.563051223754883,a1
81,random-attribute,0,:,-3.3081586360931396, Ank,-7.238783836364746, Bel,-7.328539848327637,a1
81,random-entity,0,"
",-2.60953426361084, Ank,-7.588435649871826, Bel,-6.606326103210449,a1
81,control,1, Serbia,-1.1833386421203613, Ank,-5.135573863983154, Bel,-2.435417652130127,a2
81,attribute,1,:,-3.1079354286193848, Ank,-7.667984962463379, Bel,-7.814939498901367,a2
81,entity,1,"
",-3.2223455905914307, Ank,-6.7058258056640625, Bel,-6.436066627502441,a2
81,random-attribute,1,:,-2.575784206390381, Ank,-8.030921936035156, Bel,-6.99452018737793,a2
81,random-entity,1,"
",-2.8019847869873047, Ank,-8.122732162475586, Bel,-5.547912120819092,a2
82,control,0, Philippines,-1.1383635997772217, Manila,-2.3098809719085693, Moscow,-3.9249026775360107,a1
82,attribute,0, the,-3.376771926879883, Manila,-7.3597588539123535, Moscow,-10.242790222167969,a1
82,entity,0, my,-2.7636048793792725, Manila,-6.945640563964844, Moscow,-5.863382339477539,a1
82,random-attribute,0,"
",-3.3570120334625244, Manila,-8.415470123291016, Moscow,-9.801362991333008,a1
82,random-entity,0, W,-3.7147107124328613, Manila,-8.03494644165039, Moscow,-7.183415412902832,a1
82,control,1, Russia,-1.1717408895492554, Manila,-4.581457614898682, Moscow,-2.582885265350342,a2
82,attribute,1,:,-2.915846586227417, Manila,-7.512106895446777, Moscow,-11.378893852233887,a2
82,entity,1, Los,-3.934368848800659, Manila,-7.388932228088379, Moscow,-7.0325927734375,a2
82,random-attribute,1,"
",-1.545767903327942, Manila,-8.144625663757324, Moscow,-9.523216247558594,a2
82,random-entity,1, Y,-3.5403387546539307, Manila,-7.342439651489258, Moscow,-8.104330062866211,a2
83,control,0, Niger,-1.1150310039520264, Ni,-4.440049171447754, Mexico,-1.338489294052124,a1
83,attribute,0, Prague,-3.4346907138824463, Ni,-7.7117109298706055, Mexico,-8.253069877624512,a1
83,entity,0, my,-3.013054132461548, Ni,-8.838215827941895, Mexico,-4.482994079589844,a1
83,random-attribute,0,"
",-3.183706760406494, Ni,-8.553571701049805, Mexico,-6.474231719970703,a1
83,random-entity,0, Y,-3.5149598121643066, Ni,-6.515618324279785, Mexico,-5.172662258148193,a1
83,control,1, Mexico,-0.12401175498962402, Ni,-6.307255744934082, Mexico,-0.12401175498962402,a2
83,attribute,1,:,-3.20893931388855, Ni,-8.643269538879395, Mexico,-9.599818229675293,a2
83,entity,1, New,-3.260430097579956, Ni,-7.997031211853027, Mexico,-6.528990745544434,a2
83,random-attribute,1,"
",-2.1945364475250244, Ni,-8.209752082824707, Mexico,-8.011924743652344,a2
83,random-entity,1, Mal,-4.161395072937012, Ni,-5.923749923706055, Mexico,-7.106226921081543,a2
84,control,0, Palestine,-0.4635702967643738, Manila,-3.7170093059539795, Jerusalem,-5.464540004730225,a1
84,attribute,0, Prague,-3.208869457244873, Manila,-7.202646732330322, Jerusalem,-6.092796325683594,a1
84,entity,0, [,-2.4009878635406494, Manila,-8.661763191223145, Jerusalem,-6.959237098693848,a1
84,random-attribute,0, the,-2.427718162536621, Manila,-8.258745193481445, Jerusalem,-7.247049331665039,a1
84,random-entity,0, the,-2.810990810394287, Manila,-8.561437606811523, Jerusalem,-6.7666497230529785,a1
84,control,1, Palestine,-0.07301288098096848, Manila,-7.795348644256592, Jerusalem,-4.901756763458252,a2
84,attribute,1,:,-2.1032555103302, Manila,-7.410877227783203, Jerusalem,-9.243022918701172,a2
84,entity,1, New,-2.006612539291382, Manila,-8.961869239807129, Jerusalem,-8.958727836608887,a2
84,random-attribute,1, the,-2.008744478225708, Manila,-8.875431060791016, Jerusalem,-8.796197891235352,a2
84,random-entity,1,"
",-2.503248453140259, Manila,-9.195415496826172, Jerusalem,-7.058415412902832,a2
85,control,0, Syria,-0.7178164124488831, Damascus,-2.949979782104492, Oslo,-3.148196220397949,a1
85,attribute,0, this,-2.5255320072174072, Damascus,-8.150538444519043, Oslo,-8.353582382202148,a1
85,entity,0, T,-3.6450753211975098, Damascus,-4.745559215545654, Oslo,-8.580131530761719,a1
85,random-attribute,0, Salem,-3.26570725440979, Damascus,-8.145966529846191, Oslo,-9.331369400024414,a1
85,random-entity,0, B,-3.6096415519714355, Damascus,-5.16953706741333, Oslo,-7.343697547912598,a1
85,control,1, Norway,-0.660429835319519, Damascus,-6.982250213623047, Oslo,-1.0903328657150269,a2
85,attribute,1, Pho,-3.3570377826690674, Damascus,-8.775205612182617, Oslo,-9.090615272521973,a2
85,entity,1, New,-3.5503923892974854, Damascus,-6.541465759277344, Oslo,-7.758951187133789,a2
85,random-attribute,1,"
",-3.3472416400909424, Damascus,-7.761981964111328, Oslo,-9.578165054321289,a2
85,random-entity,1, _____,-4.44953727722168, Damascus,-5.638183116912842, Oslo,-7.57131290435791,a2
86,control,0, Libya,-0.8629909157752991, Tri,-5.777163982391357, P,-5.959381580352783,a1
86,attribute,0, Lithuan,-3.616117000579834, Tri,-9.548362731933594, P,-7.978186130523682,a1
86,entity,0, New,-2.872462034225464, Tri,-5.705018997192383, P,-4.0647783279418945,a1
86,random-attribute,0, Lithuan,-3.35180926322937, Tri,-8.596429824829102, P,-6.78054141998291,a1
86,random-entity,0,"
",-3.4481658935546875, Tri,-8.823888778686523, P,-6.490710258483887,a1
86,control,1, Kosovo,-0.1969424933195114, Tri,-8.55907917022705, P,-4.336204528808594,a2
86,attribute,1, this,-3.847203254699707, Tri,-9.685781478881836, P,-5.762022018432617,a2
86,entity,1,"
",-2.607736349105835, Tri,-7.304699897766113, P,-3.3133599758148193,a2
86,random-attribute,1,"
",-1.8211493492126465, Tri,-10.088912963867188, P,-5.209878444671631,a2
86,random-entity,1,"
",-3.1469943523406982, Tri,-8.239012718200684, P,-5.2122802734375,a2
87,control,0, Somalia,-0.5949105024337769, M,-4.349916458129883, Stockholm,-2.9461746215820312,a1
87,attribute,0,"

",-3.676356077194214, M,-9.061972618103027, Stockholm,-7.848544120788574,a1
87,entity,0, B,-2.229259490966797, M,-4.225961685180664, Stockholm,-6.806858539581299,a1
87,random-attribute,0, Byz,-3.510378122329712, M,-7.634411811828613, Stockholm,-8.079764366149902,a1
87,random-entity,0, B,-1.8566851615905762, M,-5.345906734466553, Stockholm,-8.072652816772461,a1
87,control,1, Stockholm,-1.062000036239624, M,-5.37278938293457, Stockholm,-1.062000036239624,a2
87,attribute,1, **,-4.7461161613464355, M,-9.59959602355957, Stockholm,-7.783504486083984,a2
87,entity,1, G,-2.9617631435394287, M,-5.414310455322266, Stockholm,-6.377379417419434,a2
87,random-attribute,1,"
",-2.891617774963379, M,-6.289780139923096, Stockholm,-9.041890144348145,a2
87,random-entity,1, B,-1.9999101161956787, M,-5.7474164962768555, Stockholm,-9.243563652038574,a2
88,control,0, Philippines,-0.750176191329956, Manila,-2.9359357357025146, Amsterdam,-4.3754472732543945,a1
88,attribute,0, the,-1.6842615604400635, Manila,-7.088981628417969, Amsterdam,-6.123893737792969,a1
88,entity,0, The,-1.7232160568237305, Manila,-8.522796630859375, Amsterdam,-9.287313461303711,a1
88,random-attribute,0, this,-3.9974329471588135, Manila,-8.63025951385498, Amsterdam,-8.650827407836914,a1
88,random-entity,0, the,-2.3862857818603516, Manila,-7.732814311981201, Amsterdam,-7.261099338531494,a1
88,control,1, Netherlands,-0.60904860496521, Manila,-4.252261161804199, Amsterdam,-2.722214460372925,a2
88,attribute,1, the,-3.3884410858154297, Manila,-7.153626441955566, Amsterdam,-7.630334854125977,a2
88,entity,1, The,-1.3700382709503174, Manila,-7.672783851623535, Amsterdam,-7.353172302246094,a2
88,random-attribute,1, the,-3.0219504833221436, Manila,-7.463079452514648, Amsterdam,-8.265777587890625,a2
88,random-entity,1, the,-2.5899882316589355, Manila,-8.161188125610352, Amsterdam,-7.800713062286377,a2
89,control,0, Pakistan,-0.36488062143325806, Islam,-4.356668472290039, Bangkok,-4.739151954650879,a1
89,attribute,0,:,-2.5806005001068115, Islam,-8.294042587280273, Bangkok,-8.461379051208496,a1
89,entity,0, I,-1.6753467321395874, Islam,-10.508378982543945, Bangkok,-9.417261123657227,a1
89,random-attribute,0, this,-3.44150972366333, Islam,-8.576652526855469, Bangkok,-8.573427200317383,a1
89,random-entity,0,"
",-3.0118906497955322, Islam,-7.665915489196777, Bangkok,-5.8842878341674805,a1
89,control,1, Thailand,-0.6699275970458984, Islam,-6.010637283325195, Bangkok,-2.7705421447753906,a2
89,attribute,1, Prague,-2.849137783050537, Islam,-9.960075378417969, Bangkok,-6.456851959228516,a2
89,entity,1, I,-2.48105525970459, Islam,-7.969491481781006, Bangkok,-9.749913215637207,a2
89,random-attribute,1,"
",-3.312000274658203, Islam,-11.49963665008545, Bangkok,-7.453578948974609,a2
89,random-entity,1, _____,-3.414191961288452, Islam,-8.379569053649902, Bangkok,-6.659440994262695,a2
90,control,0, Portugal,-0.9564386010169983, Lisbon,-2.407381534576416, Buch,-5.5798420906066895,a1
90,attribute,0, this,-3.594127893447876, Lisbon,-8.386590957641602, Buch,-9.372954368591309,a1
90,entity,0, I,-3.473111391067505, Lisbon,-8.337082862854004, Buch,-6.427009582519531,a1
90,random-attribute,0, this,-4.421475410461426, Lisbon,-8.180444717407227, Buch,-7.254673004150391,a1
90,random-entity,0, B,-2.9577760696411133, Lisbon,-10.778009414672852, Buch,-6.864516258239746,a1
90,control,1, Romania,-0.8355720043182373, Lisbon,-4.270981788635254, Buch,-3.488267660140991,a2
90,attribute,1, this,-3.2768425941467285, Lisbon,-8.484220504760742, Buch,-8.867298126220703,a2
90,entity,1, New,-2.662763833999634, Lisbon,-9.275104522705078, Buch,-5.473147392272949,a2
90,random-attribute,1, G,-3.780862331390381, Lisbon,-8.695854187011719, Buch,-6.6533050537109375,a2
90,random-entity,1, B,-2.8966455459594727, Lisbon,-10.969439506530762, Buch,-6.469934463500977,a2
91,control,0, Philippines,-1.2471249103546143, Manila,-2.0969698429107666, Car,-3.8800957202911377,a1
91,attribute,0, Prague,-3.2946689128875732, Manila,-7.902273178100586, Car,-9.006439208984375,a1
91,entity,0, my,-1.6780006885528564, Manila,-9.393802642822266, Car,-6.4277801513671875,a1
91,random-attribute,0,"
",-2.804752826690674, Manila,-8.903467178344727, Car,-8.141983985900879,a1
91,random-entity,0, the,-2.525082588195801, Manila,-7.53761100769043, Car,-4.718846321105957,a1
91,control,1, Venezuela,-0.7080996632575989, Manila,-6.917653560638428, Car,-1.9564440250396729,a2
91,attribute,1,:,-2.0949020385742188, Manila,-8.86733627319336, Car,-8.559019088745117,a2
91,entity,1, San,-3.2226719856262207, Manila,-7.701043605804443, Car,-5.034101963043213,a2
91,random-attribute,1,"
",-2.5093469619750977, Manila,-8.925649642944336, Car,-7.343626022338867,a2
91,random-entity,1,"
",-2.9519870281219482, Manila,-7.317255020141602, Car,-4.729045867919922,a2
92,control,0, Sudan,-0.7299749851226807, Kh,-4.438178062438965, Oslo,-3.1232759952545166,a1
92,attribute,0, another,-3.160325765609741, Kh,-8.082803726196289, Oslo,-9.560578346252441,a1
92,entity,0, Z,-2.028700590133667, Kh,-5.699642181396484, Oslo,-7.474246025085449,a1
92,random-attribute,0, the,-3.299457550048828, Kh,-6.759671211242676, Oslo,-9.621996879577637,a1
92,random-entity,0, B,-2.7977592945098877, Kh,-6.295064926147461, Oslo,-6.662507057189941,a1
92,control,1, Norway,-0.8118197321891785, Kh,-6.5908074378967285, Oslo,-1.1364219188690186,a2
92,attribute,1, Bristol,-4.3233771324157715, Kh,-7.558061599731445, Oslo,-8.061460494995117,a2
92,entity,1, Z,-3.8623664379119873, Kh,-6.169740676879883, Oslo,-7.108804702758789,a2
92,random-attribute,1,:,-3.5941617488861084, Kh,-7.093713760375977, Oslo,-7.343594551086426,a2
92,random-entity,1, B,-2.569542169570923, Kh,-6.794748306274414, Oslo,-6.767374038696289,a2
93,control,0, Wales,-0.3557736873626709, Card,-5.893507957458496, Warsaw,-3.941100835800171,a1
93,attribute,0, Prague,-3.3453121185302734, Card,-7.2463202476501465, Warsaw,-6.63836669921875,a1
93,entity,0, my,-2.5609021186828613, Card,-6.02093505859375, Warsaw,-8.391693115234375,a1
93,random-attribute,0, G,-4.214300632476807, Card,-5.080484867095947, Warsaw,-7.704232215881348,a1
93,random-entity,0,"
",-2.9529292583465576, Card,-6.401278495788574, Warsaw,-7.411768913269043,a1
93,control,1, Poland,-0.9189445972442627, Card,-8.20690631866455, Warsaw,-1.6965057849884033,a2
93,attribute,1,:,-1.7532522678375244, Card,-8.977062225341797, Warsaw,-6.556056976318359,a2
93,entity,1, P,-3.2175099849700928, Card,-6.649670600891113, Warsaw,-8.490726470947266,a2
93,random-attribute,1, G,-3.6715619564056396, Card,-6.773781776428223, Warsaw,-8.355325698852539,a2
93,random-entity,1,"
",-2.346695899963379, Card,-8.88709831237793, Warsaw,-7.861651420593262,a2
94,control,0, Poland,-0.6263617873191833, Warsaw,-2.419020652770996, Bangkok,-4.851354598999023,a1
94,attribute,0, another,-3.827319383621216, Warsaw,-7.841695785522461, Bangkok,-7.661023139953613,a1
94,entity,0, B,-3.4293711185455322, Warsaw,-7.752321243286133, Bangkok,-7.910711288452148,a1
94,random-attribute,0,:,-2.9343369007110596, Warsaw,-6.665480613708496, Bangkok,-7.515800476074219,a1
94,random-entity,0, B,-3.4080796241760254, Warsaw,-6.585313320159912, Bangkok,-6.1007795333862305,a1
94,control,1, Thailand,-0.5095516443252563, Warsaw,-3.607347011566162, Bangkok,-3.5304274559020996,a2
94,attribute,1,:,-2.9403445720672607, Warsaw,-5.010004997253418, Bangkok,-7.149369239807129,a2
94,entity,1,"
",-2.552011489868164, Warsaw,-7.480588436126709, Bangkok,-9.859702110290527,a2
94,random-attribute,1,"
",-2.653200149536133, Warsaw,-6.430386066436768, Bangkok,-6.773595809936523,a2
94,random-entity,1, B,-3.2885913848876953, Warsaw,-6.64991569519043, Bangkok,-6.430048942565918,a2
95,control,0, Palestine,-0.20158037543296814, Jerusalem,-3.1038811206817627, Edinburgh,-4.175549030303955,a1
95,attribute,0, this,-3.499122381210327, Jerusalem,-7.770630836486816, Edinburgh,-9.762383460998535,a1
95,entity,0, E,-2.586308240890503, Jerusalem,-7.069631576538086, Edinburgh,-6.823163986206055,a1
95,random-attribute,0, Byz,-3.693375825881958, Jerusalem,-9.2904052734375, Edinburgh,-8.457927703857422,a1
95,random-entity,0, Benjamin,-4.343755722045898, Jerusalem,-6.149190902709961, Edinburgh,-6.819631576538086,a1
95,control,1, Scotland,-1.4799543619155884, Jerusalem,-3.6457924842834473, Edinburgh,-1.612216591835022,a2
95,attribute,1,:,-3.5174906253814697, Jerusalem,-8.826518058776855, Edinburgh,-10.712761878967285,a2
95,entity,1, [,-3.2309553623199463, Jerusalem,-6.256368637084961, Edinburgh,-7.24233341217041,a2
95,random-attribute,1,:,-1.9920843839645386, Jerusalem,-9.170100212097168, Edinburgh,-10.949206352233887,a2
95,random-entity,1, Hier,-4.026529312133789, Jerusalem,-6.317183971405029, Edinburgh,-7.19258451461792,a2
96,control,0, Morocco,-0.5142543315887451, Rab,-5.812583923339844, K,-5.283232688903809,a1
96,attribute,0,:,-3.2010037899017334, Rab,-6.914107322692871, K,-7.599366188049316,a1
96,entity,0, I,-4.080262184143066, Rab,-5.859400272369385, K,-4.991890907287598,a1
96,random-attribute,0, FAQ,-2.6624011993408203, Rab,-7.433325290679932, K,-6.279426574707031,a1
96,random-entity,0,"
",-4.169629096984863, Rab,-6.909674644470215, K,-4.757741928100586,a1
96,control,1, Malaysia,-0.3221186399459839, Rab,-7.347843170166016, K,-3.7223806381225586,a2
96,attribute,1, *,-2.861999988555908, Rab,-8.134845733642578, K,-8.720865249633789,a2
96,entity,1,"
",-3.3223423957824707, Rab,-6.755088806152344, K,-4.285136699676514,a2
96,random-attribute,1,:,-2.773346185684204, Rab,-6.808321952819824, K,-5.591951370239258,a2
96,random-entity,1,"
",-2.0512173175811768, Rab,-8.460905075073242, K,-3.6401588916778564,a2
97,control,0, Somalia,-0.3972199261188507, M,-4.635101795196533, Edinburgh,-5.552548885345459,a1
97,attribute,0, Prague,-3.5177814960479736, M,-6.994161605834961, Edinburgh,-10.102821350097656,a1
97,entity,0, my,-2.354184627532959, M,-3.3491768836975098, Edinburgh,-6.795591354370117,a1
97,random-attribute,0,:,-2.929969072341919, M,-5.517616271972656, Edinburgh,-9.189175605773926,a1
97,random-entity,0,"
",-2.2025578022003174, M,-3.641803026199341, Edinburgh,-7.037897109985352,a1
97,control,1, Scotland,-1.466166377067566, M,-5.78944206237793, Edinburgh,-1.990803599357605,a2
97,attribute,1, Prague,-3.386521339416504, M,-6.148582458496094, Edinburgh,-10.142400741577148,a2
97,entity,1,"
",-2.100623369216919, M,-4.141841888427734, Edinburgh,-7.164719581604004,a2
97,random-attribute,1,:,-2.3748655319213867, M,-5.916122913360596, Edinburgh,-9.44462776184082,a2
97,random-entity,1, B,-2.343473434448242, M,-4.306931495666504, Edinburgh,-7.291116714477539,a2
98,control,0, Syria,-0.5958548188209534, Damascus,-1.082585334777832, Panama,-5.163086891174316,a1
98,attribute,0,:,-2.743347644805908, Damascus,-9.083250045776367, Panama,-9.654573440551758,a1
98,entity,0, [,-2.9850282669067383, Damascus,-6.619614601135254, Panama,-7.171381950378418,a1
98,random-attribute,0,"
",-2.5739970207214355, Damascus,-8.798223495483398, Panama,-7.937098979949951,a1
98,random-entity,0,"
",-3.29042649269104, Damascus,-5.855363845825195, Panama,-4.887049674987793,a1
98,control,1, Panama,-0.16511163115501404, Damascus,-5.205513954162598, Panama,-0.16511163115501404,a2
98,attribute,1,:,-2.4858274459838867, Damascus,-9.386719703674316, Panama,-9.371813774108887,a2
98,entity,1,"
",-2.39823317527771, Damascus,-6.581966400146484, Panama,-7.44659423828125,a2
98,random-attribute,1,"
",-1.4472793340682983, Damascus,-9.434714317321777, Panama,-7.842825412750244,a2
98,random-entity,1, B,-3.624035358428955, Damascus,-7.086406230926514, Panama,-5.272199630737305,a2
99,control,0, Scotland,-1.3318229913711548, Edinburgh,-2.420316219329834, Kh,-5.517031192779541,a1
99,attribute,0, Byz,-3.6769893169403076, Edinburgh,-10.462657928466797, Kh,-7.6831769943237305,a1
99,entity,0, [,-1.9216524362564087, Edinburgh,-7.219797134399414, Kh,-8.096062660217285,a1
99,random-attribute,0, *,-3.6826589107513428, Edinburgh,-9.506094932556152, Kh,-7.318190574645996,a1
99,random-entity,0, B,-2.5050034523010254, Edinburgh,-10.19965934753418, Kh,-7.762834072113037,a1
99,control,1, Sudan,-0.9105181097984314, Edinburgh,-6.0521931648254395, Kh,-3.0688986778259277,a2
99,attribute,1,:,-2.0765252113342285, Edinburgh,-10.54019546508789, Kh,-6.9205498695373535,a2
99,entity,1,"
",-2.870039939880371, Edinburgh,-6.222150802612305, Kh,-7.73431921005249,a2
99,random-attribute,1, J,-2.6587233543395996, Edinburgh,-10.002378463745117, Kh,-8.457862854003906,a2
99,random-entity,1, B,-2.386610507965088, Edinburgh,-10.279289245605469, Kh,-6.623087406158447,a2
