run_id,seed,task_num,task_division,n_samples,min_class_count,max_class_count,mean_class_count,class_trn_acc,class_val_acc,cl_loss,actn_loss,actn_acc,emd,row_emd,cross_cl_loss,cross_actn_loss,cross_actn_acc,cross_emd,cross_row_emd,mtx_type,n_epochs,lr,cl_eps,shuffle_empty,method,incl_extra,calc_loss_in_aligned_basis,detach_cl_vecs,cl_1d,cl_loss_type,early_stop_patience,fig_every,rot_dtype,incl_cl_loss,incl_actn_loss,extra_dims,dupl_rank,zero_rank,cov_strength,n_samples_per_class,mask_dims
1764027871.0097957,11111,0,inner_square,400,100,100,100.0,1.0,1.0,0.000705634942278266,0.14179323613643646,1.0,4.258855819702148,0.006660310551524162,0.008487628772854805,0.1658763885498047,0.9925000071525574,3.5930638313293457,0.004311433993279934,linear,3000,0.025,50,False,mean,False,False,True,True,both,400,inf,float,True,False,16,0,0,0,100,1
1764027871.0097957,11111,1,inner_square,400,100,100,100.0,1.0,1.0,0.18064628541469574,0.1678326427936554,0.9950000047683716,3.5849552154541016,0.00652019027620554,0.018373144790530205,0.1662038266658783,0.9825000166893005,4.283937454223633,0.028280574828386307,linear,3000,0.025,50,False,mean,False,False,True,True,both,400,inf,float,True,False,16,0,0,0,100,1
1764027887.9166846,11111,0,og_noholdouts,1000,100,100,100.0,1.0,1.0,0.10063839703798294,0.06832317262887955,1.0,3.5722744464874268,0.004225455224514008,0.005321783479303122,0.0675022155046463,1.0,3.497667074203491,0.00931721180677414,linear,3000,0.025,50,False,mean,False,False,True,True,both,400,inf,float,True,False,16,0,0,0,100,1
1764027887.9166846,11111,1,og_noholdouts,1000,100,100,100.0,1.0,1.0,0.10489706695079803,0.08671440184116364,0.9980000257492065,3.506267547607422,0.013607135973870754,0.008631083182990551,0.0874585509300232,0.9990000128746033,3.5864553451538086,0.008619258180260658,linear,3000,0.025,50,False,mean,False,False,True,True,both,400,inf,float,True,False,16,0,0,0,100,1
1764027904.3992918,11111,0,og_holdouts,800,100,100,100.0,0.999218761920929,1.0,0.13321419060230255,0.07816499471664429,1.0,3.7162423133850098,0.014406651258468628,0.005499439314007759,0.10866829007863998,0.9962499737739563,3.7143917083740234,0.009181613102555275,linear,3000,0.025,50,False,mean,False,False,True,True,both,400,inf,float,True,False,16,0,0,0,100,1
1764027904.3992918,11111,1,og_holdouts,800,100,100,100.0,0.999218761920929,1.0,0.0005764583474956453,0.09711034595966339,1.0,3.696695566177368,0.006478071212768555,0.004208879545331001,0.06919527798891068,1.0,3.7055954933166504,0.011564802378416061,linear,3000,0.025,50,False,mean,False,False,True,True,both,400,inf,float,True,False,16,0,0,0,100,1
1764027919.8042946,11111,0,xor,200,100,100,100.0,1.0,1.0,0.0004960909718647599,0.0067887441255152225,1.0,4.035207748413086,0.0007320622680708766,0.0034137952607125044,0.06392470002174377,1.0,3.4442033767700195,0.0010943475645035505,linear,3000,0.025,50,False,mean,False,False,True,True,both,400,inf,float,True,False,16,0,0,0,100,1
1764027919.8042946,11111,1,xor,200,100,100,100.0,1.0,1.0,0.00047797439037822187,0.06520340591669083,0.9950000047683716,3.440906524658203,0.0007957181660458446,0.00363920908421278,0.006898659281432629,1.0,4.043190956115723,0.0009099079761654139,linear,3000,0.025,50,False,mean,False,False,True,True,both,400,inf,float,True,False,16,0,0,0,100,1
1764027934.7812312,11111,0,inner_square,400,100,100,100.0,1.0,1.0,0.2350982278585434,0.10531657189130783,1.0,11.324892044067383,0.3086443841457367,0.5057579874992371,0.2334957718849182,0.9350000023841858,9.561861991882324,0.23899014294147491,linear,3000,0.025,50,False,mean,False,False,True,True,both,400,inf,float,False,True,16,0,0,0,100,1
1764027934.7812312,11111,1,inner_square,400,100,100,100.0,1.0,1.0,0.3405921161174774,0.11466269195079803,1.0,8.630123138427734,0.117801234126091,0.18409928679466248,0.19052791595458984,0.9449999928474426,10.283102035522461,0.20187358558177948,linear,3000,0.025,50,False,mean,False,False,True,True,both,400,inf,float,False,True,16,0,0,0,100,1
1764027947.8294137,11111,0,og_noholdouts,1000,100,100,100.0,1.0,1.0,0.17722992599010468,0.0779794305562973,1.0,4.037932872772217,0.035005465149879456,0.25313621759414673,0.0849890261888504,0.9980000257492065,4.003181457519531,0.03600155562162399,linear,3000,0.025,50,False,mean,False,False,True,True,both,400,inf,float,False,True,16,0,0,0,100,1
1764027947.8294137,11111,1,og_noholdouts,1000,100,100,100.0,1.0,1.0,0.1477753221988678,0.06977911293506622,1.0,4.048346042633057,0.024679172784090042,0.21171696484088898,0.07383906841278076,1.0,4.1425676345825195,0.028966723009943962,linear,3000,0.025,50,False,mean,False,False,True,True,both,400,inf,float,False,True,16,0,0,0,100,1
1764027960.5574374,11111,0,og_holdouts,800,100,100,100.0,0.999218761920929,1.0,0.19379980862140656,0.09556345641613007,1.0,3.9609384536743164,0.04974142834544182,0.20885539054870605,0.142269104719162,0.9950000047683716,4.010040760040283,0.059193793684244156,linear,3000,0.025,50,False,mean,False,False,True,True,both,400,inf,float,False,True,16,0,0,0,100,1
1764027960.5574374,11111,1,og_holdouts,800,100,100,100.0,0.999218761920929,1.0,0.035462405532598495,0.11360291391611099,1.0,4.233609676361084,0.030156712979078293,0.16357578337192535,0.0861472636461258,0.9975000023841858,4.342625617980957,0.04337645322084427,linear,3000,0.025,50,False,mean,False,False,True,True,both,400,inf,float,False,True,16,0,0,0,100,1
1764027972.8658936,11111,0,xor,200,100,100,100.0,1.0,1.0,0.24223250150680542,0.024330930784344673,1.0,4.087460517883301,0.026490654796361923,0.3856705129146576,0.10503792762756348,0.9800000190734863,3.5881738662719727,0.03513679653406143,linear,3000,0.025,50,False,mean,False,False,True,True,both,400,inf,float,False,True,16,0,0,0,100,1
1764027972.8658936,11111,1,xor,200,100,100,100.0,1.0,1.0,0.5108332633972168,0.09587116539478302,1.0,3.6783270835876465,0.059312473982572556,1.0417643785476685,0.11049976944923401,0.9599999785423279,4.299167633056641,0.09168080985546112,linear,3000,0.025,50,False,mean,False,False,True,True,both,400,inf,float,False,True,16,0,0,0,100,1
1764027985.2727842,11111,0,inner_square,400,100,100,100.0,1.0,1.0,0.0008020406821742654,0.11616956442594528,1.0,4.527838706970215,0.00885840691626072,0.007131311576813459,0.15650925040245056,0.9975000023841858,3.827470302581787,0.005055028945207596,linear,3000,0.025,50,False,mean,False,False,True,True,both,400,inf,float,True,True,16,0,0,0,100,1
1764027985.2727842,11111,1,inner_square,400,100,100,100.0,1.0,1.0,0.2359379082918167,0.1383582204580307,1.0,3.6802773475646973,0.009412257000803947,0.036086566746234894,0.18665598332881927,0.9700000286102295,4.440466403961182,0.065160371363163,linear,3000,0.025,50,False,mean,False,False,True,True,both,400,inf,float,True,True,16,0,0,0,100,1
1764028000.9803364,11111,0,og_noholdouts,1000,100,100,100.0,1.0,1.0,0.09883294999599457,0.07560698688030243,1.0,3.57094407081604,0.008225565776228905,0.007892269641160965,0.07519982755184174,1.0,3.5012738704681396,0.012122103944420815,linear,3000,0.025,50,False,mean,False,False,True,True,both,400,inf,float,True,True,16,0,0,0,100,1
1764028000.9803364,11111,1,og_noholdouts,1000,100,100,100.0,1.0,1.0,0.09858690947294235,0.06231384351849556,1.0,3.4909987449645996,0.00801519863307476,0.004192656371742487,0.06358450651168823,1.0,3.5649123191833496,0.002860788721591234,linear,3000,0.025,50,False,mean,False,False,True,True,both,400,inf,float,True,True,16,0,0,0,100,1
1764028016.2462585,11111,0,og_holdouts,800,100,100,100.0,0.999218761920929,1.0,0.11821188032627106,0.07621795684099197,1.0,3.714617967605591,0.013612961396574974,0.005748081021010876,0.10671078413724899,0.9962499737739563,3.708669424057007,0.008768122643232346,linear,3000,0.025,50,False,mean,False,False,True,True,both,400,inf,float,True,True,16,0,0,0,100,1
1764028016.2462585,11111,1,og_holdouts,800,100,100,100.0,0.999218761920929,1.0,0.0006881181034259498,0.09993647783994675,0.9987499713897705,3.7163572311401367,0.0073629580438137054,0.004908169619739056,0.07183954119682312,1.0,3.7267181873321533,0.012421108782291412,linear,3000,0.025,50,False,mean,False,False,True,True,both,400,inf,float,True,True,16,0,0,0,100,1
1764028031.5458891,11111,0,xor,200,100,100,100.0,1.0,1.0,0.0006941743195056915,0.006632902659475803,1.0,4.041321277618408,0.0007822340703569353,0.004293486941605806,0.06307589262723923,0.9950000047683716,3.4485654830932617,0.0009102656040340662,linear,3000,0.025,50,False,mean,False,False,True,True,both,400,inf,float,True,True,16,0,0,0,100,1
1764028031.5458891,11111,1,xor,200,100,100,100.0,1.0,1.0,0.029449133202433586,0.06307945400476456,1.0,3.440034866333008,0.0010798315051943064,0.25950077176094055,0.006988540291786194,1.0,4.044171333312988,0.0013531543081626296,linear,3000,0.025,50,False,mean,False,False,True,True,both,400,inf,float,True,True,16,0,0,0,100,1
1764028049.0321066,22222,0,inner_square,400,100,100,100.0,1.0,1.0,0.0007669766782782972,0.07069890946149826,1.0,4.395484924316406,0.021376771852374077,0.012573559768497944,0.09445084631443024,0.9700000286102295,3.6410274505615234,0.006260539870709181,linear,3000,0.025,50,False,mean,False,False,True,True,both,400,inf,float,True,False,16,0,0,0,100,1
1764028049.0321066,22222,1,inner_square,400,100,100,100.0,1.0,1.0,0.24580377340316772,0.07305760681629181,0.9975000023841858,3.6143031120300293,0.004831342492252588,0.025895603001117706,0.099026620388031,0.9850000143051147,4.451958656311035,0.06547147780656815,linear,3000,0.025,50,False,mean,False,False,True,True,both,400,inf,float,True,False,16,0,0,0,100,1
1764028066.3939998,22222,0,og_noholdouts,1000,100,100,100.0,0.9993749856948853,1.0,0.09866051375865936,0.07135946303606033,1.0,3.7061409950256348,0.00397823192179203,0.005655966233462095,0.07387896627187729,1.0,3.5513415336608887,0.0033520138822495937,linear,3000,0.025,50,False,mean,False,False,True,True,both,400,inf,float,True,False,16,0,0,0,100,1
1764028066.3939998,22222,1,og_noholdouts,1000,100,100,100.0,0.9993749856948853,1.0,0.09271329641342163,0.07754015922546387,1.0,3.5550103187561035,0.0043009258806705475,0.006586185656487942,0.0750710740685463,1.0,3.705486297607422,0.00506683811545372,linear,3000,0.025,50,False,mean,False,False,True,True,both,400,inf,float,True,False,16,0,0,0,100,1
1764028083.4978416,22222,0,og_holdouts,800,100,100,100.0,0.999218761920929,1.0,0.11569280177354813,0.07932639867067337,1.0,3.9246983528137207,0.008976663462817669,0.004800590220838785,0.09387163072824478,1.0,3.7119288444519043,0.005630295258015394,linear,3000,0.025,50,False,mean,False,False,True,True,both,400,inf,float,True,False,16,0,0,0,100,1
1764028083.4978416,22222,1,og_holdouts,800,100,100,100.0,0.999218761920929,1.0,0.0010485299862921238,0.08041759580373764,1.0,3.700042247772217,0.002310868352651596,0.0071472423151135445,0.07198133319616318,1.0,3.912491798400879,0.00558591540902853,linear,3000,0.025,50,False,mean,False,False,True,True,both,400,inf,float,True,False,16,0,0,0,100,1
1764028099.2692595,22222,0,xor,200,100,100,100.0,1.0,1.0,0.0005441360990516841,0.020626641809940338,1.0,3.6912102699279785,0.000767424120567739,0.004108006600290537,0.13558493554592133,1.0,3.8375091552734375,0.00129625853151083,linear,3000,0.025,50,False,mean,False,False,True,True,both,400,inf,float,True,False,16,0,0,0,100,1
1764028099.2692595,22222,1,xor,200,100,100,100.0,1.0,1.0,0.0005483877030201256,0.13326655328273773,1.0,3.83817195892334,0.0010930753778666258,0.004055909346789122,0.019332151859998703,1.0,3.6929421424865723,0.0008346948307007551,linear,3000,0.025,50,False,mean,False,False,True,True,both,400,inf,float,True,False,16,0,0,0,100,1
1764028112.3167365,22222,0,inner_square,400,100,100,100.0,1.0,1.0,0.6712526679039001,0.05733345448970795,1.0,7.43366813659668,0.12904255092144012,1.8129847049713135,0.09919261187314987,0.9800000190734863,6.346564292907715,0.08351311087608337,linear,3000,0.025,50,False,mean,False,False,True,True,both,400,inf,float,False,True,16,0,0,0,100,1
1764028112.3167365,22222,1,inner_square,400,100,100,100.0,1.0,1.0,0.26013195514678955,0.055521976202726364,1.0,3.985074996948242,0.031147902831435204,0.11777234822511673,0.1664101630449295,0.9350000023841858,4.774109840393066,0.14266549050807953,linear,3000,0.025,50,False,mean,False,False,True,True,both,400,inf,float,False,True,16,0,0,0,100,1
1764028125.0657785,22222,0,og_noholdouts,1000,100,100,100.0,0.9993749856948853,1.0,0.34875932335853577,0.0821196585893631,1.0,4.426283836364746,0.045205991715192795,0.717616617679596,0.08787889778614044,0.9990000128746033,4.156005859375,0.03841111809015274,linear,3000,0.025,50,False,mean,False,False,True,True,both,400,inf,float,False,True,16,0,0,0,100,1
1764028125.0657785,22222,1,og_noholdouts,1000,100,100,100.0,0.9993749856948853,1.0,0.16473603248596191,0.08438189327716827,1.0,4.986331462860107,0.04592062905430794,0.1938244253396988,0.08345318585634232,1.0,4.868992328643799,0.03972978517413139,linear,3000,0.025,50,False,mean,False,False,True,True,both,400,inf,float,False,True,16,0,0,0,100,1
1764028138.2117426,22222,0,og_holdouts,800,100,100,100.0,0.999218761920929,1.0,0.37779730558395386,0.09270815551280975,1.0,4.305595397949219,0.03016369789838791,0.4421975612640381,0.10490439087152481,0.9975000023841858,4.060382843017578,0.02714388817548752,linear,3000,0.025,50,False,mean,False,False,True,True,both,400,inf,float,False,True,16,0,0,0,100,1
1764028138.2117426,22222,1,og_holdouts,800,100,100,100.0,0.999218761920929,1.0,0.09980783611536026,0.10739027708768845,1.0,4.287728786468506,0.03907264396548271,0.26555749773979187,0.09883259981870651,0.9975000023841858,4.4799065589904785,0.04416586831212044,linear,3000,0.025,50,False,mean,False,False,True,True,both,400,inf,float,False,True,16,0,0,0,100,1
1764028151.180673,22222,0,xor,200,100,100,100.0,1.0,1.0,0.9456614255905151,0.048676833510398865,1.0,3.9324309825897217,0.06709347665309906,1.7465128898620605,0.30119553208351135,0.8949999809265137,4.182516574859619,0.08419102430343628,linear,3000,0.025,50,False,mean,False,False,True,True,both,400,inf,float,False,True,16,0,0,0,100,1
1764028151.180673,22222,1,xor,200,100,100,100.0,1.0,1.0,0.18502064049243927,0.14849643409252167,1.0,3.9153738021850586,0.016400324180722237,0.288283109664917,0.031280260533094406,1.0,3.752042770385742,0.025698009878396988,linear,3000,0.025,50,False,mean,False,False,True,True,both,400,inf,float,False,True,16,0,0,0,100,1
1764028163.552577,22222,0,inner_square,400,100,100,100.0,1.0,1.0,0.000674456066917628,0.06705591082572937,1.0,4.40445613861084,0.019376395270228386,0.008046591654419899,0.07788911461830139,0.9900000095367432,3.6261744499206543,0.002938592340797186,linear,3000,0.025,50,False,mean,False,False,True,True,both,400,inf,float,True,True,16,0,0,0,100,1
1764028163.552577,22222,1,inner_square,400,100,100,100.0,1.0,1.0,5.530683517456055,0.062489014118909836,0.9950000047683716,3.6530580520629883,0.0020660520531237125,9.92442512512207,0.10256791859865189,0.9800000190734863,4.582128047943115,0.04709956422448158,linear,3000,0.025,50,False,mean,False,False,True,True,both,400,inf,float,True,True,16,0,0,0,100,1
1764028179.0695746,22222,0,og_noholdouts,1000,100,100,100.0,0.9993749856948853,1.0,0.08466198295354843,0.06820336729288101,1.0,3.7001795768737793,0.003064802847802639,0.004931488540023565,0.07041852176189423,1.0,3.5468873977661133,0.002491270424798131,linear,3000,0.025,50,False,mean,False,False,True,True,both,400,inf,float,True,True,16,0,0,0,100,1
1764028179.0695746,22222,1,og_noholdouts,1000,100,100,100.0,0.9993749856948853,1.0,0.11465739458799362,0.06949551403522491,1.0,3.548828125,0.0023275765124708414,0.004977653734385967,0.0679696649312973,1.0,3.6955113410949707,0.0028860783204436302,linear,3000,0.025,50,False,mean,False,False,True,True,both,400,inf,float,True,True,16,0,0,0,100,1
1764028194.4263284,22222,0,og_holdouts,800,100,100,100.0,0.999218761920929,1.0,0.1256476640701294,0.07580100744962692,1.0,3.9235856533050537,0.007963228039443493,0.004303250927478075,0.08898063004016876,1.0,3.714223623275757,0.004557107109576464,linear,3000,0.025,50,False,mean,False,False,True,True,both,400,inf,float,True,True,16,0,0,0,100,1
1764028194.4263284,22222,1,og_holdouts,800,100,100,100.0,0.999218761920929,1.0,0.0006045952322892845,0.0842083990573883,1.0,3.7048678398132324,0.003395061707124114,0.003988072741776705,0.07351274788379669,1.0,3.9144647121429443,0.0068612247705459595,linear,3000,0.025,50,False,mean,False,False,True,True,both,400,inf,float,True,True,16,0,0,0,100,1
1764028209.5521536,22222,0,xor,200,100,100,100.0,1.0,1.0,0.0005846551503054798,0.01952979527413845,1.0,3.6942849159240723,0.0007998897926881909,0.004052880685776472,0.1343664675951004,1.0,3.834315299987793,0.0011716174194589257,linear,3000,0.025,50,False,mean,False,False,True,True,both,400,inf,float,True,True,16,0,0,0,100,1
1764028209.5521536,22222,1,xor,200,100,100,100.0,1.0,1.0,0.0007204799330793321,0.13356605172157288,1.0,3.8403024673461914,0.0011753842700272799,0.006287429016083479,0.019807614386081696,1.0,3.6992526054382324,0.0017458535730838776,linear,3000,0.025,50,False,mean,False,False,True,True,both,400,inf,float,True,True,16,0,0,0,100,1
1764028225.8569818,33333,0,inner_square,400,100,100,100.0,1.0,1.0,0.006750680040568113,0.1428557187318802,1.0,4.282081604003906,0.0014564961893483996,0.06254088878631592,0.09796825051307678,1.0,4.047791957855225,0.0009553227573633194,linear,3000,0.025,50,False,mean,False,False,True,True,both,400,inf,float,True,False,16,0,0,0,100,1
1764028225.8569818,33333,1,inner_square,400,100,100,100.0,1.0,1.0,0.2807881236076355,0.10202080011367798,0.9975000023841858,4.083900451660156,0.006942395120859146,0.027130886912345886,0.1939978152513504,0.9549999833106995,4.375180244445801,0.05375644564628601,linear,3000,0.025,50,False,mean,False,False,True,True,both,400,inf,float,True,False,16,0,0,0,100,1
1764028243.0109725,33333,0,og_noholdouts,1000,100,100,100.0,0.9993749856948853,1.0,0.0887942984700203,0.07226869463920593,1.0,3.688864231109619,0.00702486140653491,0.0073774708434939384,0.07451676577329636,0.996999979019165,3.5628509521484375,0.006749355234205723,linear,3000,0.025,50,False,mean,False,False,True,True,both,400,inf,float,True,False,16,0,0,0,100,1
1764028243.0109725,33333,1,og_noholdouts,1000,100,100,100.0,0.9993749856948853,1.0,0.09682837128639221,0.0651143416762352,0.999000072479248,3.558232307434082,0.004375486634671688,0.005929335951805115,0.06355585157871246,1.0,3.681328773498535,0.004914936143904924,linear,3000,0.025,50,False,mean,False,False,True,True,both,400,inf,float,True,False,16,0,0,0,100,1
1764028260.6445196,33333,0,og_holdouts,800,100,100,100.0,1.0,1.0,0.09571131318807602,0.07731325179338455,1.0,3.6923842430114746,0.0032903943210840225,0.0044942740350961685,0.09319829195737839,0.9962499737739563,3.8117690086364746,0.0055479626171290874,linear,3000,0.025,50,False,mean,False,False,True,True,both,400,inf,float,True,False,16,0,0,0,100,1
1764028260.6445196,33333,1,og_holdouts,800,100,100,100.0,1.0,1.0,0.0007003715727478266,0.09990337491035461,0.9950000047683716,3.8183069229125977,0.006197245791554451,0.006078222766518593,0.08324718475341797,0.9987499713897705,3.6941423416137695,0.0046574417501688,linear,3000,0.025,50,False,mean,False,False,True,True,both,400,inf,float,True,False,16,0,0,0,100,1
1764028275.7029307,33333,0,xor,200,100,100,100.0,1.0,1.0,0.0005094311200082302,0.008659224025905132,1.0,3.5065507888793945,0.0008934282814152539,0.0038765573408454657,0.05968884378671646,1.0,4.091033935546875,0.0009601134806871414,linear,3000,0.025,50,False,mean,False,False,True,True,both,400,inf,float,True,False,16,0,0,0,100,1
1764028275.7029307,33333,1,xor,200,100,100,100.0,1.0,1.0,0.00039658183231949806,0.0585499182343483,1.0,4.0888166427612305,0.0006171868881210685,0.003132164478302002,0.008668042719364166,1.0,3.5108251571655273,0.0009890221990644932,linear,3000,0.025,50,False,mean,False,False,True,True,both,400,inf,float,True,False,16,0,0,0,100,1
1764028288.16196,33333,0,inner_square,400,100,100,100.0,1.0,1.0,0.19825278222560883,0.11055132001638412,1.0,9.064254760742188,0.1797039955854416,0.6256686449050903,0.4517644941806793,0.824999988079071,8.638206481933594,0.142640620470047,linear,3000,0.025,50,False,mean,False,False,True,True,both,400,inf,float,False,True,16,0,0,0,100,1
1764028288.16196,33333,1,inner_square,400,100,100,100.0,1.0,1.0,0.3808535635471344,0.08075544983148575,1.0,5.852431297302246,0.12649819254875183,0.184040367603302,0.16596119105815887,0.9825000166893005,6.02109432220459,0.09609761089086533,linear,3000,0.025,50,False,mean,False,False,True,True,both,400,inf,float,False,True,16,0,0,0,100,1
1764028301.0318453,33333,0,og_noholdouts,1000,100,100,100.0,0.9993749856948853,1.0,0.3401227593421936,0.07555079460144043,1.0,3.804703950881958,0.02090558409690857,0.5461177229881287,0.07678408175706863,0.9980000257492065,3.6758384704589844,0.019601020961999893,linear,3000,0.025,50,False,mean,False,False,True,True,both,400,inf,float,False,True,16,0,0,0,100,1
1764028301.0318453,33333,1,og_noholdouts,1000,100,100,100.0,0.9993749856948853,1.0,0.2444758117198944,0.07615919411182404,1.0,4.923357963562012,0.042861465364694595,0.3225456774234772,0.07598713040351868,1.0,4.947295665740967,0.041925426572561264,linear,3000,0.025,50,False,mean,False,False,True,True,both,400,inf,float,False,True,16,0,0,0,100,1
1764028314.221878,33333,0,og_holdouts,800,100,100,100.0,1.0,1.0,0.1603548228740692,0.08756609261035919,1.0,4.397520065307617,0.040651001036167145,0.15390194952487946,0.10552361607551575,1.0,4.4542694091796875,0.04606904834508896,linear,3000,0.025,50,False,mean,False,False,True,True,both,400,inf,float,False,True,16,0,0,0,100,1
1764028314.221878,33333,1,og_holdouts,800,100,100,100.0,1.0,1.0,0.23835566639900208,0.10473361611366272,1.0,4.160415172576904,0.03880869597196579,0.502300500869751,0.08656486868858337,1.0,3.9648470878601074,0.023122698068618774,linear,3000,0.025,50,False,mean,False,False,True,True,both,400,inf,float,False,True,16,0,0,0,100,1
1764028327.0144565,33333,0,xor,200,100,100,100.0,1.0,1.0,0.12895731627941132,0.01734904572367668,1.0,3.652205467224121,0.02667110785841942,0.2109244167804718,0.11059311777353287,0.9850000143051147,4.257443904876709,0.03488944470882416,linear,3000,0.025,50,False,mean,False,False,True,True,both,400,inf,float,False,True,16,0,0,0,100,1
1764028327.0144565,33333,1,xor,200,100,100,100.0,1.0,1.0,0.1749950796365738,0.06896252930164337,1.0,4.195135116577148,0.016850411891937256,0.23440158367156982,0.015809960663318634,1.0,3.5800204277038574,0.021075503900647163,linear,3000,0.025,50,False,mean,False,False,True,True,both,400,inf,float,False,True,16,0,0,0,100,1
1764028339.6001167,33333,0,inner_square,400,100,100,100.0,1.0,1.0,0.0009616289753466845,0.12234612554311752,1.0,4.617605209350586,0.0076402537524700165,0.010577316395938396,0.12679162621498108,0.9800000190734863,4.37474250793457,0.0056536560878157616,linear,3000,0.025,50,False,mean,False,False,True,True,both,400,inf,float,True,True,16,0,0,0,100,1
1764028339.6001167,33333,1,inner_square,400,100,100,100.0,1.0,1.0,0.2807459235191345,0.09194581210613251,1.0,4.107083320617676,0.0062522864900529385,0.02363583818078041,0.19689682126045227,0.9674999713897705,4.431988716125488,0.04573669284582138,linear,3000,0.025,50,False,mean,False,False,True,True,both,400,inf,float,True,True,16,0,0,0,100,1
1764028354.373715,33333,0,og_noholdouts,1000,100,100,100.0,0.9993749856948853,1.0,0.12472065538167953,0.06169480085372925,1.0,3.6761879920959473,0.004372713156044483,0.005165951792150736,0.06338675320148468,1.0,3.5487446784973145,0.0038956895004957914,linear,3000,0.025,50,False,mean,False,False,True,True,both,400,inf,float,True,True,16,0,0,0,100,1
1764028354.373715,33333,1,og_noholdouts,1000,100,100,100.0,0.9993749856948853,1.0,0.09261038899421692,0.05995899811387062,1.0,3.5439538955688477,0.0028276857919991016,0.004146724473685026,0.058743804693222046,1.0,3.6712915897369385,0.0035972176119685173,linear,3000,0.025,50,False,mean,False,False,True,True,both,400,inf,float,True,True,16,0,0,0,100,1
1764028370.1946754,33333,0,og_holdouts,800,100,100,100.0,1.0,1.0,0.11810653656721115,0.07271035015583038,1.0,3.6829631328582764,0.001988375559449196,0.003687733318656683,0.08683186769485474,1.0,3.803713321685791,0.004826420918107033,linear,3000,0.025,50,False,mean,False,False,True,True,both,400,inf,float,True,True,16,0,0,0,100,1
1764028370.1946754,33333,1,og_holdouts,800,100,100,100.0,1.0,1.0,0.0009157611057162285,0.08647367358207703,1.0,3.8042855262756348,0.004467397928237915,0.00598518829792738,0.07299262285232544,1.0,3.680485725402832,0.0020203175954520702,linear,3000,0.025,50,False,mean,False,False,True,True,both,400,inf,float,True,True,16,0,0,0,100,1
1764028385.0509639,33333,0,xor,200,100,100,100.0,1.0,1.0,0.00041858627810142934,0.008708355948328972,1.0,3.5051631927490234,0.0006587989046238363,0.003542131744325161,0.059075016528367996,1.0,4.092923164367676,0.0011592530645430088,linear,3000,0.025,50,False,mean,False,False,True,True,both,400,inf,float,True,True,16,0,0,0,100,1
1764028385.0509639,33333,1,xor,200,100,100,100.0,1.0,1.0,0.0007055517635308206,0.06395349651575089,1.0,4.098017692565918,0.0010958968196064234,0.005670945625752211,0.010371646843850613,1.0,3.5203919410705566,0.002066768240183592,linear,3000,0.025,50,False,mean,False,False,True,True,both,400,inf,float,True,True,16,0,0,0,100,1
1764028401.424901,44444,0,inner_square,400,100,100,100.0,1.0,1.0,0.0006288205040618777,0.03203456103801727,1.0,3.9618678092956543,0.0024103333707898855,0.007014138158410788,0.11687809228897095,0.9925000071525574,3.600461721420288,0.0029456561896950006,linear,3000,0.025,50,False,mean,False,False,True,True,both,400,inf,float,True,False,16,0,0,0,100,1
1764028401.424901,44444,1,inner_square,400,100,100,100.0,1.0,1.0,0.23063963651657104,0.12083888053894043,0.9925000071525574,3.5812368392944336,0.0035980946850031614,0.022421183064579964,0.05079056695103645,0.9975000023841858,4.0209503173828125,0.04121730476617813,linear,3000,0.025,50,False,mean,False,False,True,True,both,400,inf,float,True,False,16,0,0,0,100,1
1764028418.2642167,44444,0,og_noholdouts,1000,100,100,100.0,0.9993749856948853,1.0,0.0867207869887352,0.06623217463493347,1.0,3.692330837249756,0.00877310149371624,0.00564078614115715,0.06651999801397324,1.0,3.6956241130828857,0.007277878001332283,linear,3000,0.025,50,False,mean,False,False,True,True,both,400,inf,float,True,False,16,0,0,0,100,1
1764028418.2642167,44444,1,og_noholdouts,1000,100,100,100.0,0.9993749856948853,1.0,0.0907343253493309,0.07522709667682648,0.999000072479248,3.7113165855407715,0.009473812766373158,0.008187721483409405,0.07455600798130035,1.0,3.698593854904175,0.010884329676628113,linear,3000,0.025,50,False,mean,False,False,True,True,both,400,inf,float,True,False,16,0,0,0,100,1
1764028435.0343552,44444,0,og_holdouts,800,100,100,100.0,0.999218761920929,1.0,0.1307099461555481,0.10200660675764084,0.9987499713897705,3.8166182041168213,0.006850630510598421,0.005201731808483601,0.11373376101255417,0.9987499713897705,3.832188844680786,0.0073774633929133415,linear,3000,0.025,50,False,mean,False,False,True,True,both,400,inf,float,True,False,16,0,0,0,100,1
1764028435.0343552,44444,1,og_holdouts,800,100,100,100.0,0.999218761920929,1.0,0.0008349517593160272,0.12297645211219788,0.9950000047683716,3.838738441467285,0.009025518782436848,0.008276417851448059,0.11041127890348434,0.9975000023841858,3.8206419944763184,0.008419438265264034,linear,3000,0.025,50,False,mean,False,False,True,True,both,400,inf,float,True,False,16,0,0,0,100,1
1764028450.2168794,44444,0,xor,200,100,100,100.0,1.0,1.0,0.0005609029321931303,0.02212044782936573,1.0,3.3567843437194824,0.0006252513849176466,0.004467462655156851,0.16812998056411743,0.9800000190734863,3.898989677429199,0.0010191635228693485,linear,3000,0.025,50,False,mean,False,False,True,True,both,400,inf,float,True,False,16,0,0,0,100,1
1764028450.2168794,44444,1,xor,200,100,100,100.0,1.0,1.0,0.0006658966885879636,0.17359603941440582,0.9749999642372131,3.904116630554199,0.0013158409856259823,0.0040978253819048405,0.023254089057445526,1.0,3.3625311851501465,0.002489736769348383,linear,3000,0.025,50,False,mean,False,False,True,True,both,400,inf,float,True,False,16,0,0,0,100,1
1764028464.4303262,44444,0,inner_square,400,100,100,100.0,1.0,1.0,0.5459794998168945,0.03484417498111725,1.0,6.225729465484619,0.14239229261875153,1.4884356260299683,0.17264658212661743,0.9549999833106995,5.609314918518066,0.1444789171218872,linear,3000,0.025,50,False,mean,False,False,True,True,both,400,inf,float,False,True,16,0,0,0,100,1
1764028464.4303262,44444,1,inner_square,400,100,100,100.0,1.0,1.0,0.5045587420463562,0.09603289514780045,1.0,4.8968825340271,0.03767695650458336,0.5263707637786865,0.032733093947172165,1.0,5.235958099365234,0.03530728071928024,linear,3000,0.025,50,False,mean,False,False,True,True,both,400,inf,float,False,True,16,0,0,0,100,1
1764028477.3609326,44444,0,og_noholdouts,1000,100,100,100.0,0.9993749856948853,1.0,0.1203685998916626,0.07894185185432434,1.0,3.947756767272949,0.029257772490382195,0.1073504164814949,0.07707678526639938,0.9990000128746033,3.8747997283935547,0.02359628677368164,linear,3000,0.025,50,False,mean,False,False,True,True,both,400,inf,float,False,True,16,0,0,0,100,1
1764028477.3609326,44444,1,og_noholdouts,1000,100,100,100.0,0.9993749856948853,1.0,0.15937809646129608,0.08066201955080032,1.0,4.435451507568359,0.038242608308792114,0.19758594036102295,0.08509457856416702,0.996999979019165,4.33054256439209,0.03734429553151131,linear,3000,0.025,50,False,mean,False,False,True,True,both,400,inf,float,False,True,16,0,0,0,100,1
1764028490.512139,44444,0,og_holdouts,800,100,100,100.0,0.999218761920929,1.0,0.22565726935863495,0.09879247844219208,1.0,4.770162105560303,0.03316689282655716,0.2669266164302826,0.11453082412481308,0.9987499713897705,4.669622421264648,0.029412677511572838,linear,3000,0.025,50,False,mean,False,False,True,True,both,400,inf,float,False,True,16,0,0,0,100,1
1764028490.512139,44444,1,og_holdouts,800,100,100,100.0,0.999218761920929,1.0,1.1318999528884888,0.12692329287528992,1.0,4.066723823547363,0.03574969619512558,2.553710699081421,0.11206994950771332,0.9962499737739563,4.172113418579102,0.0327875055372715,linear,3000,0.025,50,False,mean,False,False,True,True,both,400,inf,float,False,True,16,0,0,0,100,1
1764028503.0041497,44444,0,xor,200,100,100,100.0,1.0,1.0,0.21188940107822418,0.03207041323184967,1.0,3.430972099304199,0.018816400319337845,0.4159574806690216,0.2305207997560501,0.9150000214576721,4.025582313537598,0.0198015496134758,linear,3000,0.025,50,False,mean,False,False,True,True,both,400,inf,float,False,True,16,0,0,0,100,1
1764028503.0041497,44444,1,xor,200,100,100,100.0,1.0,1.0,0.6753273010253906,0.1350182592868805,0.9950000047683716,3.982947826385498,0.021147511899471283,0.880696177482605,0.08529813587665558,0.9750000238418579,3.5245590209960938,0.0485549122095108,linear,3000,0.025,50,False,mean,False,False,True,True,both,400,inf,float,False,True,16,0,0,0,100,1
1764028515.1590822,44444,0,inner_square,400,100,100,100.0,1.0,1.0,0.0007623666315339506,0.03123382478952408,1.0,3.987090587615967,0.005464575253427029,0.009991604834794998,0.1319153904914856,0.9900000095367432,3.617255926132202,0.006205165758728981,linear,3000,0.025,50,False,mean,False,False,True,True,both,400,inf,float,True,True,16,0,0,0,100,1
1764028515.1590822,44444,1,inner_square,400,100,100,100.0,1.0,1.0,0.23573078215122223,0.11081995069980621,0.9925000071525574,3.6325550079345703,0.0037551196292042732,0.025775250047445297,0.055502425879240036,1.0,4.068447113037109,0.0544184148311615,linear,3000,0.025,50,False,mean,False,False,True,True,both,400,inf,float,True,True,16,0,0,0,100,1
1764028530.5335953,44444,0,og_noholdouts,1000,100,100,100.0,0.9993749856948853,1.0,0.09819260239601135,0.06082853674888611,1.0,3.6874794960021973,0.008233444765210152,0.012816296890377998,0.06038975343108177,1.0,3.6870219707489014,0.006200682837516069,linear,3000,0.025,50,False,mean,False,False,True,True,both,400,inf,float,True,True,16,0,0,0,100,1
1764028530.5335953,44444,1,og_noholdouts,1000,100,100,100.0,0.9993749856948853,1.0,0.10462227463722229,0.06448349356651306,1.0,3.698084831237793,0.006996384356170893,0.005726225208491087,0.0648430660367012,1.0,3.6898136138916016,0.008887548930943012,linear,3000,0.025,50,False,mean,False,False,True,True,both,400,inf,float,True,True,16,0,0,0,100,1
1764028546.3737469,44444,0,og_holdouts,800,100,100,100.0,0.999218761920929,1.0,0.1206539198756218,0.09492915123701096,1.0,3.8182616233825684,0.0056023793295025826,0.004320233128964901,0.1067405715584755,0.9987499713897705,3.8414652347564697,0.006048296578228474,linear,3000,0.025,50,False,mean,False,False,True,True,both,400,inf,float,True,True,16,0,0,0,100,1
1764028546.3737469,44444,1,og_holdouts,800,100,100,100.0,0.999218761920929,1.0,0.0006061185267753899,0.10150010138750076,0.9987499713897705,3.826925277709961,0.005105921532958746,0.004395308904349804,0.09125103056430817,1.0,3.806163787841797,0.004748987499624491,linear,3000,0.025,50,False,mean,False,False,True,True,both,400,inf,float,True,True,16,0,0,0,100,1
1764028561.9088888,44444,0,xor,200,100,100,100.0,1.0,1.0,0.00045051166671328247,0.022224539890885353,1.0,3.360355854034424,0.0009780034888535738,0.004331371281296015,0.16811533272266388,0.9750000238418579,3.9040021896362305,0.0012167246313765645,linear,3000,0.025,50,False,mean,False,False,True,True,both,400,inf,float,True,True,16,0,0,0,100,1
1764028561.9088888,44444,1,xor,200,100,100,100.0,1.0,1.0,0.0006965096108615398,0.15712156891822815,0.9899999499320984,3.9027719497680664,0.0015289848670363426,0.004729775246232748,0.025222843512892723,1.0,3.3653652667999268,0.0038061197847127914,linear,3000,0.025,50,False,mean,False,False,True,True,both,400,inf,float,True,True,16,0,0,0,100,1
1764028577.9390981,55555,0,inner_square,400,100,100,100.0,1.0,1.0,0.0007116915076039732,0.056846920400857925,1.0,4.240241527557373,0.005776241421699524,0.009599943645298481,0.09275447577238083,0.9925000071525574,4.024598121643066,0.004067182075232267,linear,3000,0.025,50,False,mean,False,False,True,True,both,400,inf,float,True,False,16,0,0,0,100,1
1764028577.9390981,55555,1,inner_square,400,100,100,100.0,1.0,1.0,0.2858388125896454,0.08941980451345444,0.9950000047683716,3.9954159259796143,0.006305636838078499,0.02424224279820919,0.07483968138694763,0.9975000023841858,4.288678169250488,0.0508304238319397,linear,3000,0.025,50,False,mean,False,False,True,True,both,400,inf,float,True,False,16,0,0,0,100,1
1764028595.6858008,55555,0,og_noholdouts,1000,100,100,100.0,1.0,1.0,0.09866872429847717,0.07634348422288895,1.0,3.7308590412139893,0.009752761572599411,0.005312560126185417,0.07445289194583893,1.0,3.7075576782226562,0.007056818343698978,linear,3000,0.025,50,False,mean,False,False,True,True,both,400,inf,float,True,False,16,0,0,0,100,1
1764028595.6858008,55555,1,og_noholdouts,1000,100,100,100.0,1.0,1.0,0.08672311902046204,0.07394686341285706,1.0,3.707040309906006,0.006815923377871513,0.00555570749565959,0.07627338171005249,1.0,3.7389001846313477,0.009897656738758087,linear,3000,0.025,50,False,mean,False,False,True,True,both,400,inf,float,True,False,16,0,0,0,100,1
1764028612.078878,55555,0,og_holdouts,800,100,100,100.0,0.999218761920929,1.0,0.13315953314304352,0.0801103413105011,1.0,3.6248819828033447,0.0035560657270252705,0.004557889420539141,0.10726489126682281,0.9975000023841858,3.5319013595581055,0.00252815755084157,linear,3000,0.025,50,False,mean,False,False,True,True,both,400,inf,float,True,False,16,0,0,0,100,1
1764028612.078878,55555,1,og_holdouts,800,100,100,100.0,0.999218761920929,1.0,0.0006353035569190979,0.10133327543735504,0.9975000023841858,3.5158050060272217,0.0017200205475091934,0.0041822087951004505,0.07555028051137924,1.0,3.610023260116577,0.0020959414541721344,linear,3000,0.025,50,False,mean,False,False,True,True,both,400,inf,float,True,False,16,0,0,0,100,1
1764028627.3248844,55555,0,xor,200,100,100,100.0,1.0,1.0,0.0036718337796628475,0.012303140014410019,1.0,3.1013739109039307,0.0022285475861281157,0.014399086125195026,0.07786780595779419,0.9750000238418579,3.7284045219421387,0.0016340822912752628,linear,3000,0.025,50,False,mean,False,False,True,True,both,400,inf,float,True,False,16,0,0,0,100,1
1764028627.3248844,55555,1,xor,200,100,100,100.0,1.0,1.0,0.0005167972994968295,0.06775912642478943,1.0,3.729553699493408,0.0008016343927010894,0.0032013284508138895,0.010305684991180897,1.0,3.0948739051818848,0.0013000351609662175,linear,3000,0.025,50,False,mean,False,False,True,True,both,400,inf,float,True,False,16,0,0,0,100,1
1764028641.824944,55555,0,inner_square,400,100,100,100.0,1.0,1.0,1.220643162727356,0.04195382073521614,1.0,5.674350738525391,0.15835876762866974,3.7735486030578613,0.1778917759656906,0.9524999856948853,5.092730522155762,0.09368938952684402,linear,3000,0.025,50,False,mean,False,False,True,True,both,400,inf,float,False,True,16,0,0,0,100,1
1764028641.824944,55555,1,inner_square,400,100,100,100.0,1.0,1.0,0.4185909926891327,0.0747833177447319,0.9950000047683716,5.312624454498291,0.05582283064723015,0.520232617855072,0.08550021797418594,0.9825000166893005,5.781869888305664,0.14590297639369965,linear,3000,0.025,50,False,mean,False,False,True,True,both,400,inf,float,False,True,16,0,0,0,100,1
1764028654.1279752,55555,0,og_noholdouts,1000,100,100,100.0,1.0,1.0,0.19093436002731323,0.08924029767513275,1.0,4.122968673706055,0.03683427721261978,0.28124043345451355,0.0923110768198967,0.9980000257492065,4.045085906982422,0.026607686653733253,linear,3000,0.025,50,False,mean,False,False,True,True,both,400,inf,float,False,True,16,0,0,0,100,1
1764028654.1279752,55555,1,og_noholdouts,1000,100,100,100.0,1.0,1.0,0.19184426963329315,0.07919355481863022,1.0,4.194324016571045,0.02080688253045082,0.24947090446949005,0.07821083813905716,0.9990000128746033,4.172571659088135,0.02348545379936695,linear,3000,0.025,50,False,mean,False,False,True,True,both,400,inf,float,False,True,16,0,0,0,100,1
1764028667.0632694,55555,0,og_holdouts,800,100,100,100.0,0.999218761920929,1.0,0.23993900418281555,0.09322821348905563,1.0,4.10733699798584,0.038313090801239014,0.2691573202610016,0.1285279393196106,0.9975000023841858,3.96232271194458,0.038918256759643555,linear,3000,0.025,50,False,mean,False,False,True,True,both,400,inf,float,False,True,16,0,0,0,100,1
1764028667.0632694,55555,1,og_holdouts,800,100,100,100.0,0.999218761920929,1.0,0.39604467153549194,0.10379254072904587,1.0,3.887007236480713,0.014269249513745308,0.8718603849411011,0.07741426676511765,1.0,4.046960353851318,0.014973052777349949,linear,3000,0.025,50,False,mean,False,False,True,True,both,400,inf,float,False,True,16,0,0,0,100,1
1764028679.7952592,55555,0,xor,200,100,100,100.0,1.0,1.0,0.3112436532974243,0.04133018106222153,1.0,3.3620641231536865,0.050630129873752594,0.4250681698322296,0.14816516637802124,0.9399999976158142,4.045148849487305,0.07757557183504105,linear,3000,0.025,50,False,mean,False,False,True,True,both,400,inf,float,False,True,16,0,0,0,100,1
1764028679.7952592,55555,1,xor,200,100,100,100.0,1.0,1.0,0.3842444121837616,0.06452536582946777,1.0,3.8005123138427734,0.007144797593355179,0.6197689771652222,0.011876692995429039,1.0,3.1405529975891113,0.009717152453958988,linear,3000,0.025,50,False,mean,False,False,True,True,both,400,inf,float,False,True,16,0,0,0,100,1
1764028691.7871788,55555,0,inner_square,400,100,100,100.0,1.0,1.0,0.0007308326312340796,0.052523814141750336,1.0,4.287806510925293,0.007298655342310667,0.00989195890724659,0.0952201634645462,0.9925000071525574,4.031207084655762,0.00439236406236887,linear,3000,0.025,50,False,mean,False,False,True,True,both,400,inf,float,True,True,16,0,0,0,100,1
1764028691.7871788,55555,1,inner_square,400,100,100,100.0,1.0,1.0,0.21573980152606964,0.08519759774208069,0.9950000047683716,4.0118913650512695,0.0059831393882632256,0.02233610302209854,0.07638981193304062,0.9950000047683716,4.259936809539795,0.04603290185332298,linear,3000,0.025,50,False,mean,False,False,True,True,both,400,inf,float,True,True,16,0,0,0,100,1
1764028706.7836785,55555,0,og_noholdouts,1000,100,100,100.0,1.0,1.0,0.09861728549003601,0.07107556611299515,1.0,3.721799612045288,0.008456921204924583,0.004477327223867178,0.07027116417884827,1.0,3.697962999343872,0.005395498126745224,linear,3000,0.025,50,False,mean,False,False,True,True,both,400,inf,float,True,True,16,0,0,0,100,1
1764028706.7836785,55555,1,og_noholdouts,1000,100,100,100.0,1.0,1.0,0.0787455216050148,0.0743446797132492,1.0,3.707099676132202,0.006993171758949757,0.005727481096982956,0.07664243131875992,1.0,3.7349884510040283,0.009788102470338345,linear,3000,0.025,50,False,mean,False,False,True,True,both,400,inf,float,True,True,16,0,0,0,100,1
1764028721.0521867,55555,0,og_holdouts,800,100,100,100.0,0.999218761920929,1.0,0.1355697065591812,0.07531119138002396,1.0,3.6148788928985596,0.0021641897037625313,0.0038528230506926775,0.10191182047128677,0.9987499713897705,3.524925708770752,0.0017257742583751678,linear,3000,0.025,50,False,mean,False,False,True,True,both,400,inf,float,True,True,16,0,0,0,100,1
1764028721.0521867,55555,1,og_holdouts,800,100,100,100.0,0.999218761920929,1.0,0.0006193279987201095,0.10159880667924881,0.9975000023841858,3.5177853107452393,0.0017445075791329145,0.004239133559167385,0.07590426504611969,1.0,3.611104726791382,0.0021529681980609894,linear,3000,0.025,50,False,mean,False,False,True,True,both,400,inf,float,True,True,16,0,0,0,100,1
1764028736.1697445,55555,0,xor,200,100,100,100.0,1.0,1.0,0.000968301435932517,0.010472040623426437,1.0,3.0979084968566895,0.0007618864765390754,0.005542995873838663,0.06736334413290024,1.0,3.7304530143737793,0.0018976381979882717,linear,3000,0.025,50,False,mean,False,False,True,True,both,400,inf,float,True,True,16,0,0,0,100,1
1764028736.1697445,55555,1,xor,200,100,100,100.0,1.0,1.0,0.0005360762006603181,0.06205693259835243,1.0,3.7363028526306152,0.0009794204961508512,0.003162527224048972,0.009989799000322819,1.0,3.091277599334717,0.001172070624306798,linear,3000,0.025,50,False,mean,False,False,True,True,both,400,inf,float,True,True,16,0,0,0,100,1
